Date,EngineerID,OrdersCompleted
2023-01-02,18,1
2023-01-03,16,1
2023-01-04,4,1
2023-01-04,9,1
2023-01-04,12,2
2023-01-04,14,1
2023-01-04,16,1
2023-01-05,2,1
2023-01-05,3,1
2023-01-05,6,1
2023-01-05,7,3
2023-01-05,10,1
2023-01-05,13,1
2023-01-05,17,1
2023-01-05,19,1
2023-01-05,20,2
2023-01-06,3,2
2023-01-06,5,1
2023-01-06,6,1
2023-01-06,8,1
2023-01-06,9,2
2023-01-06,10,1
2023-01-06,11,2
2023-01-06,13,1
2023-01-06,14,1
2023-01-06,15,1
2023-01-06,17,1
2023-01-06,20,1
2023-01-07,1,1
2023-01-07,2,1
2023-01-07,4,1
2023-01-07,5,1
2023-01-07,6,1
2023-01-07,7,3
2023-01-07,9,1
2023-01-07,14,1
2023-01-07,15,1
2023-01-07,17,1
2023-01-07,18,2
2023-01-07,19,1
2023-01-08,1,1
2023-01-08,2,1
2023-01-08,3,1
2023-01-08,5,2
2023-01-08,6,1
2023-01-08,7,1
2023-01-08,10,1
2023-01-08,11,1
2023-01-08,12,1
2023-01-08,13,2
2023-01-08,15,1
2023-01-08,16,1
2023-01-08,17,1
2023-01-08,18,2
2023-01-08,20,3
2023-01-09,1,1
2023-01-09,3,2
2023-01-09,4,1
2023-01-09,5,1
2023-01-09,8,1
2023-01-09,11,1
2023-01-09,13,2
2023-01-09,14,2
2023-01-09,15,2
2023-01-09,16,1
2023-01-09,17,1
2023-01-09,18,2
2023-01-09,20,2
2023-01-10,2,1
2023-01-10,5,3
2023-01-10,6,1
2023-01-10,9,4
2023-01-10,10,4
2023-01-10,11,2
2023-01-10,12,1
2023-01-10,17,1
2023-01-10,18,1
2023-01-10,20,2
2023-01-11,1,1
2023-01-11,4,2
2023-01-11,8,3
2023-01-11,9,1
2023-01-11,10,1
2023-01-11,11,1
2023-01-11,12,2
2023-01-11,13,2
2023-01-11,14,2
2023-01-11,15,2
2023-01-11,16,2
2023-01-11,19,4
2023-01-11,20,1
2023-01-12,1,3
2023-01-12,2,1
2023-01-12,5,1
2023-01-12,8,1
2023-01-12,9,1
2023-01-12,11,5
2023-01-12,12,2
2023-01-12,13,4
2023-01-12,14,1
2023-01-12,15,2
2023-01-12,16,1
2023-01-12,18,1
2023-01-12,19,1
2023-01-12,20,1
2023-01-13,2,1
2023-01-13,3,1
2023-01-13,4,2
2023-01-13,6,1
2023-01-13,7,2
2023-01-13,8,3
2023-01-13,9,1
2023-01-13,10,5
2023-01-13,11,1
2023-01-13,12,2
2023-01-13,13,1
2023-01-13,14,2
2023-01-13,17,1
2023-01-13,18,1
2023-01-13,19,2
2023-01-14,1,2
2023-01-14,2,2
2023-01-14,3,2
2023-01-14,4,1
2023-01-14,5,2
2023-01-14,7,3
2023-01-14,8,2
2023-01-14,10,2
2023-01-14,11,3
2023-01-14,12,3
2023-01-14,16,4
2023-01-14,17,1
2023-01-14,18,5
2023-01-14,19,2
2023-01-14,20,3
2023-01-15,1,1
2023-01-15,2,4
2023-01-15,5,3
2023-01-15,6,3
2023-01-15,7,1
2023-01-15,8,1
2023-01-15,9,3
2023-01-15,10,1
2023-01-15,11,2
2023-01-15,12,2
2023-01-15,13,2
2023-01-15,16,2
2023-01-15,17,1
2023-01-15,18,3
2023-01-15,19,1
2023-01-16,1,1
2023-01-16,2,1
2023-01-16,7,3
2023-01-16,8,2
2023-01-16,9,1
2023-01-16,11,3
2023-01-16,12,2
2023-01-16,13,1
2023-01-16,15,1
2023-01-16,16,1
2023-01-16,17,4
2023-01-16,18,3
2023-01-16,19,1
2023-01-17,1,1
2023-01-17,2,2
2023-01-17,3,4
2023-01-17,4,2
2023-01-17,5,1
2023-01-17,6,2
2023-01-17,7,4
2023-01-17,9,1
2023-01-17,12,3
2023-01-17,14,2
2023-01-17,15,1
2023-01-17,16,1
2023-01-17,17,2
2023-01-17,18,3
2023-01-17,19,5
2023-01-17,20,2
2023-01-18,2,1
2023-01-18,3,3
2023-01-18,5,2
2023-01-18,6,1
2023-01-18,7,1
2023-01-18,8,2
2023-01-18,9,1
2023-01-18,10,1
2023-01-18,11,2
2023-01-18,12,2
2023-01-18,13,4
2023-01-18,14,1
2023-01-18,15,1
2023-01-18,16,4
2023-01-18,19,2
2023-01-18,20,2
2023-01-19,2,1
2023-01-19,3,3
2023-01-19,4,3
2023-01-19,6,2
2023-01-19,8,3
2023-01-19,9,4
2023-01-19,12,3
2023-01-19,13,3
2023-01-19,15,3
2023-01-19,16,7
2023-01-19,17,3
2023-01-19,18,1
2023-01-19,19,2
2023-01-20,1,1
2023-01-20,2,2
2023-01-20,4,3
2023-01-20,6,1
2023-01-20,7,3
2023-01-20,8,1
2023-01-20,9,1
2023-01-20,10,2
2023-01-20,11,1
2023-01-20,12,1
2023-01-20,14,1
2023-01-20,15,1
2023-01-20,16,1
2023-01-20,19,1
2023-01-20,20,1
2023-01-21,1,2
2023-01-21,3,2
2023-01-21,4,1
2023-01-21,6,1
2023-01-21,7,4
2023-01-21,8,4
2023-01-21,10,1
2023-01-21,11,2
2023-01-21,12,1
2023-01-21,13,3
2023-01-21,14,2
2023-01-21,15,1
2023-01-21,16,1
2023-01-21,17,2
2023-01-21,19,1
2023-01-22,2,1
2023-01-22,3,2
2023-01-22,4,1
2023-01-22,5,2
2023-01-22,6,1
2023-01-22,7,1
2023-01-22,8,2
2023-01-22,11,2
2023-01-22,12,1
2023-01-22,13,1
2023-01-22,14,2
2023-01-22,15,3
2023-01-22,16,1
2023-01-22,19,2
2023-01-22,20,2
2023-01-23,2,1
2023-01-23,3,2
2023-01-23,4,1
2023-01-23,5,2
2023-01-23,6,2
2023-01-23,7,2
2023-01-23,9,1
2023-01-23,11,1
2023-01-23,12,2
2023-01-23,13,3
2023-01-23,14,2
2023-01-23,15,1
2023-01-23,16,3
2023-01-23,17,1
2023-01-23,19,1
2023-01-23,20,2
2023-01-24,1,2
2023-01-24,2,1
2023-01-24,3,2
2023-01-24,4,4
2023-01-24,6,4
2023-01-24,7,4
2023-01-24,8,3
2023-01-24,9,4
2023-01-24,10,4
2023-01-24,12,2
2023-01-24,13,2
2023-01-24,14,1
2023-01-24,15,1
2023-01-24,16,1
2023-01-24,17,3
2023-01-24,18,1
2023-01-24,19,1
2023-01-25,1,2
2023-01-25,2,1
2023-01-25,3,1
2023-01-25,4,1
2023-01-25,5,1
2023-01-25,8,2
2023-01-25,9,1
2023-01-25,10,2
2023-01-25,11,1
2023-01-25,13,1
2023-01-25,16,2
2023-01-25,17,2
2023-01-25,18,2
2023-01-25,20,2
2023-01-26,1,4
2023-01-26,3,2
2023-01-26,4,2
2023-01-26,5,2
2023-01-26,6,1
2023-01-26,7,1
2023-01-26,8,1
2023-01-26,9,5
2023-01-26,11,1
2023-01-26,12,1
2023-01-26,13,2
2023-01-26,14,1
2023-01-26,15,1
2023-01-26,16,4
2023-01-26,17,5
2023-01-26,18,1
2023-01-26,19,1
2023-01-26,20,2
2023-01-27,1,1
2023-01-27,2,1
2023-01-27,3,1
2023-01-27,5,4
2023-01-27,6,3
2023-01-27,7,1
2023-01-27,9,3
2023-01-27,10,1
2023-01-27,11,5
2023-01-27,12,2
2023-01-27,13,1
2023-01-27,14,4
2023-01-27,15,2
2023-01-27,16,2
2023-01-27,17,7
2023-01-27,18,1
2023-01-27,19,1
2023-01-27,20,1
2023-01-28,1,2
2023-01-28,4,2
2023-01-28,5,1
2023-01-28,6,7
2023-01-28,7,4
2023-01-28,9,1
2023-01-28,10,1
2023-01-28,11,1
2023-01-28,12,1
2023-01-28,13,4
2023-01-28,14,1
2023-01-28,15,1
2023-01-28,16,5
2023-01-28,17,1
2023-01-28,19,2
2023-01-29,1,1
2023-01-29,2,1
2023-01-29,3,4
2023-01-29,4,1
2023-01-29,5,2
2023-01-29,6,1
2023-01-29,7,1
2023-01-29,9,1
2023-01-29,10,3
2023-01-29,11,2
2023-01-29,14,3
2023-01-29,15,1
2023-01-29,16,3
2023-01-29,17,1
2023-01-29,18,2
2023-01-29,19,2
2023-01-29,20,1
2023-01-30,1,2
2023-01-30,2,2
2023-01-30,4,1
2023-01-30,6,1
2023-01-30,7,2
2023-01-30,8,1
2023-01-30,10,2
2023-01-30,11,4
2023-01-30,12,2
2023-01-30,13,1
2023-01-30,15,2
2023-01-30,16,2
2023-01-30,17,1
2023-01-31,3,3
2023-01-31,5,1
2023-01-31,6,1
2023-01-31,7,2
2023-01-31,8,1
2023-01-31,9,3
2023-01-31,11,3
2023-01-31,12,1
2023-01-31,14,3
2023-01-31,15,1
2023-01-31,16,3
2023-01-31,17,1
2023-01-31,18,2
2023-01-31,19,3
2023-01-31,20,1
2023-02-01,1,2
2023-02-01,2,7
2023-02-01,4,4
2023-02-01,5,1
2023-02-01,6,2
2023-02-01,7,2
2023-02-01,8,2
2023-02-01,9,2
2023-02-01,11,1
2023-02-01,14,1
2023-02-01,16,1
2023-02-01,17,2
2023-02-01,18,1
2023-02-01,19,2
2023-02-02,1,2
2023-02-02,2,1
2023-02-02,3,1
2023-02-02,6,1
2023-02-02,8,2
2023-02-02,9,2
2023-02-02,10,1
2023-02-02,11,2
2023-02-02,12,2
2023-02-02,13,2
2023-02-02,14,2
2023-02-02,15,3
2023-02-02,16,1
2023-02-02,17,1
2023-02-02,18,2
2023-02-02,19,4
2023-02-03,1,3
2023-02-03,2,1
2023-02-03,3,1
2023-02-03,4,1
2023-02-03,5,3
2023-02-03,6,1
2023-02-03,8,3
2023-02-03,9,1
2023-02-03,10,2
2023-02-03,11,1
2023-02-03,12,2
2023-02-03,13,1
2023-02-03,14,5
2023-02-03,15,1
2023-02-03,16,3
2023-02-03,17,3
2023-02-03,18,2
2023-02-03,19,4
2023-02-03,20,3
2023-02-04,2,1
2023-02-04,3,2
2023-02-04,4,5
2023-02-04,5,1
2023-02-04,6,3
2023-02-04,8,1
2023-02-04,9,2
2023-02-04,10,1
2023-02-04,12,1
2023-02-04,13,3
2023-02-04,14,1
2023-02-04,15,1
2023-02-04,16,1
2023-02-04,17,2
2023-02-04,19,4
2023-02-04,20,2
2023-02-05,1,1
2023-02-05,2,3
2023-02-05,3,1
2023-02-05,5,1
2023-02-05,7,2
2023-02-05,8,3
2023-02-05,9,1
2023-02-05,10,3
2023-02-05,11,4
2023-02-05,13,1
2023-02-05,14,1
2023-02-05,15,2
2023-02-05,16,3
2023-02-05,17,4
2023-02-06,1,3
2023-02-06,2,1
2023-02-06,3,1
2023-02-06,4,2
2023-02-06,5,2
2023-02-06,6,1
2023-02-06,7,1
2023-02-06,8,1
2023-02-06,9,1
2023-02-06,10,1
2023-02-06,12,2
2023-02-06,14,2
2023-02-06,16,2
2023-02-06,17,1
2023-02-06,18,1
2023-02-06,19,2
2023-02-06,20,1
2023-02-07,4,2
2023-02-07,6,1
2023-02-07,7,1
2023-02-07,9,1
2023-02-07,10,1
2023-02-07,11,1
2023-02-07,13,1
2023-02-07,14,1
2023-02-07,15,2
2023-02-07,16,2
2023-02-07,19,1
2023-02-07,20,1
2023-02-08,1,1
2023-02-08,3,2
2023-02-08,4,2
2023-02-08,5,3
2023-02-08,6,1
2023-02-08,8,1
2023-02-08,9,1
2023-02-08,11,2
2023-02-08,12,1
2023-02-08,13,3
2023-02-08,15,4
2023-02-08,17,1
2023-02-08,18,1
2023-02-08,20,2
2023-02-09,1,1
2023-02-09,2,1
2023-02-09,4,1
2023-02-09,6,3
2023-02-09,7,1
2023-02-09,8,1
2023-02-09,11,1
2023-02-09,12,5
2023-02-09,14,3
2023-02-09,15,1
2023-02-09,18,2
2023-02-09,19,2
2023-02-09,20,1
2023-02-10,1,2
2023-02-10,2,1
2023-02-10,3,1
2023-02-10,4,2
2023-02-10,5,1
2023-02-10,6,1
2023-02-10,8,1
2023-02-10,11,1
2023-02-10,12,3
2023-02-10,13,3
2023-02-10,14,1
2023-02-10,15,3
2023-02-10,16,1
2023-02-10,17,1
2023-02-10,18,2
2023-02-10,20,1
2023-02-11,1,3
2023-02-11,2,1
2023-02-11,3,2
2023-02-11,4,2
2023-02-11,7,1
2023-02-11,8,2
2023-02-11,10,2
2023-02-11,12,2
2023-02-11,13,1
2023-02-11,14,1
2023-02-11,16,3
2023-02-11,18,2
2023-02-11,19,4
2023-02-11,20,2
2023-02-12,1,1
2023-02-12,2,1
2023-02-12,3,3
2023-02-12,4,3
2023-02-12,5,1
2023-02-12,7,4
2023-02-12,8,1
2023-02-12,9,1
2023-02-12,10,2
2023-02-12,12,2
2023-02-12,15,2
2023-02-12,16,1
2023-02-12,17,1
2023-02-12,18,2
2023-02-13,1,1
2023-02-13,3,5
2023-02-13,4,2
2023-02-13,5,3
2023-02-13,7,1
2023-02-13,9,4
2023-02-13,10,2
2023-02-13,11,1
2023-02-13,12,1
2023-02-13,14,2
2023-02-13,15,2
2023-02-13,16,2
2023-02-13,17,2
2023-02-13,18,1
2023-02-13,19,3
2023-02-13,20,1
2023-02-14,1,2
2023-02-14,2,2
2023-02-14,3,1
2023-02-14,4,1
2023-02-14,5,3
2023-02-14,8,2
2023-02-14,9,5
2023-02-14,10,1
2023-02-14,11,2
2023-02-14,13,1
2023-02-14,14,3
2023-02-14,15,1
2023-02-14,17,1
2023-02-14,19,1
2023-02-14,20,3
2023-02-15,1,2
2023-02-15,2,1
2023-02-15,6,1
2023-02-15,7,2
2023-02-15,8,1
2023-02-15,10,1
2023-02-15,12,5
2023-02-15,15,1
2023-02-15,16,2
2023-02-15,17,3
2023-02-15,18,2
2023-02-15,19,3
2023-02-15,20,1
2023-02-16,3,2
2023-02-16,4,1
2023-02-16,5,3
2023-02-16,6,1
2023-02-16,7,1
2023-02-16,10,1
2023-02-16,11,3
2023-02-16,12,1
2023-02-16,13,2
2023-02-16,15,4
2023-02-16,18,4
2023-02-16,19,1
2023-02-16,20,1
2023-02-17,1,1
2023-02-17,3,1
2023-02-17,4,3
2023-02-17,6,2
2023-02-17,8,1
2023-02-17,11,1
2023-02-17,15,3
2023-02-17,17,2
2023-02-17,18,2
2023-02-17,20,1
2023-02-18,1,4
2023-02-18,2,1
2023-02-18,4,2
2023-02-18,6,2
2023-02-18,8,2
2023-02-18,10,1
2023-02-18,11,1
2023-02-18,12,3
2023-02-18,13,2
2023-02-18,14,5
2023-02-18,16,1
2023-02-18,17,3
2023-02-18,18,3
2023-02-18,19,4
2023-02-18,20,1
2023-02-19,1,2
2023-02-19,2,2
2023-02-19,3,5
2023-02-19,4,3
2023-02-19,6,1
2023-02-19,7,5
2023-02-19,9,2
2023-02-19,10,1
2023-02-19,12,1
2023-02-19,14,1
2023-02-19,15,1
2023-02-19,16,2
2023-02-19,17,1
2023-02-19,18,2
2023-02-19,19,2
2023-02-20,1,2
2023-02-20,3,2
2023-02-20,4,1
2023-02-20,5,3
2023-02-20,7,1
2023-02-20,8,1
2023-02-20,10,3
2023-02-20,11,1
2023-02-20,12,1
2023-02-20,13,3
2023-02-20,14,2
2023-02-20,16,2
2023-02-20,17,4
2023-02-20,18,3
2023-02-20,19,3
2023-02-21,1,4
2023-02-21,2,3
2023-02-21,3,2
2023-02-21,4,1
2023-02-21,5,1
2023-02-21,6,2
2023-02-21,8,1
2023-02-21,10,2
2023-02-21,11,3
2023-02-21,12,1
2023-02-21,14,3
2023-02-21,17,2
2023-02-21,18,1
2023-02-21,19,2
2023-02-21,20,3
2023-02-22,1,1
2023-02-22,4,3
2023-02-22,5,1
2023-02-22,6,2
2023-02-22,7,1
2023-02-22,8,4
2023-02-22,9,1
2023-02-22,10,1
2023-02-22,11,1
2023-02-22,12,1
2023-02-22,13,4
2023-02-22,14,1
2023-02-22,15,2
2023-02-22,17,1
2023-02-22,18,3
2023-02-22,19,1
2023-02-22,20,2
2023-02-23,1,2
2023-02-23,2,2
2023-02-23,3,4
2023-02-23,4,1
2023-02-23,5,2
2023-02-23,6,1
2023-02-23,7,1
2023-02-23,8,2
2023-02-23,11,1
2023-02-23,12,1
2023-02-23,13,2
2023-02-23,14,1
2023-02-23,15,3
2023-02-23,16,1
2023-02-23,17,2
2023-02-23,18,1
2023-02-23,19,1
2023-02-23,20,2
2023-02-24,1,4
2023-02-24,2,1
2023-02-24,5,3
2023-02-24,6,1
2023-02-24,7,2
2023-02-24,8,1
2023-02-24,9,2
2023-02-24,11,2
2023-02-24,12,3
2023-02-24,14,1
2023-02-24,15,2
2023-02-24,17,1
2023-02-24,18,1
2023-02-24,19,1
2023-02-25,1,2
2023-02-25,2,1
2023-02-25,3,2
2023-02-25,5,3
2023-02-25,6,1
2023-02-25,7,1
2023-02-25,10,1
2023-02-25,11,3
2023-02-25,12,1
2023-02-25,13,3
2023-02-25,15,2
2023-02-25,18,3
2023-02-25,19,1
2023-02-26,1,3
2023-02-26,2,1
2023-02-26,3,4
2023-02-26,4,3
2023-02-26,5,3
2023-02-26,6,1
2023-02-26,8,2
2023-02-26,10,1
2023-02-26,11,2
2023-02-26,12,5
2023-02-26,14,3
2023-02-26,15,1
2023-02-26,16,1
2023-02-26,17,3
2023-02-26,18,2
2023-02-26,20,1
2023-02-27,1,3
2023-02-27,3,1
2023-02-27,4,2
2023-02-27,5,1
2023-02-27,6,2
2023-02-27,7,4
2023-02-27,9,1
2023-02-27,10,1
2023-02-27,11,2
2023-02-27,13,1
2023-02-27,14,1
2023-02-27,16,2
2023-02-27,17,1
2023-02-27,18,1
2023-02-27,20,1
2023-02-28,1,1
2023-02-28,2,1
2023-02-28,3,1
2023-02-28,4,1
2023-02-28,5,2
2023-02-28,6,1
2023-02-28,8,3
2023-02-28,9,2
2023-02-28,10,1
2023-02-28,11,1
2023-02-28,12,4
2023-02-28,14,2
2023-02-28,15,1
2023-02-28,16,1
2023-02-28,17,1
2023-02-28,18,1
2023-02-28,19,1
2023-03-01,1,4
2023-03-01,2,3
2023-03-01,3,1
2023-03-01,4,2
2023-03-01,5,1
2023-03-01,6,3
2023-03-01,7,4
2023-03-01,9,2
2023-03-01,10,1
2023-03-01,11,2
2023-03-01,14,2
2023-03-01,15,3
2023-03-01,16,1
2023-03-01,17,2
2023-03-01,18,1
2023-03-01,19,2
2023-03-01,20,1
2023-03-02,2,1
2023-03-02,4,2
2023-03-02,5,1
2023-03-02,6,1
2023-03-02,7,1
2023-03-02,8,1
2023-03-02,9,3
2023-03-02,10,1
2023-03-02,11,1
2023-03-02,12,3
2023-03-02,13,5
2023-03-02,14,2
2023-03-02,16,1
2023-03-02,17,3
2023-03-02,18,2
2023-03-02,19,2
2023-03-02,20,1
2023-03-03,1,3
2023-03-03,3,2
2023-03-03,4,2
2023-03-03,5,1
2023-03-03,6,1
2023-03-03,7,1
2023-03-03,8,1
2023-03-03,9,1
2023-03-03,10,2
2023-03-03,11,3
2023-03-03,12,1
2023-03-03,13,3
2023-03-03,14,1
2023-03-03,15,1
2023-03-03,16,1
2023-03-03,17,2
2023-03-03,18,3
2023-03-03,19,3
2023-03-03,20,1
2023-03-04,2,1
2023-03-04,3,2
2023-03-04,4,1
2023-03-04,5,1
2023-03-04,6,1
2023-03-04,8,1
2023-03-04,9,2
2023-03-04,10,1
2023-03-04,11,4
2023-03-04,13,3
2023-03-04,14,2
2023-03-04,15,1
2023-03-04,16,1
2023-03-04,17,5
2023-03-04,18,1
2023-03-04,19,1
2023-03-04,20,1
2023-03-05,1,7
2023-03-05,3,1
2023-03-05,4,2
2023-03-05,5,1
2023-03-05,6,1
2023-03-05,7,1
2023-03-05,8,1
2023-03-05,10,1
2023-03-05,11,3
2023-03-05,12,2
2023-03-05,15,3
2023-03-05,16,3
2023-03-05,17,1
2023-03-05,18,1
2023-03-05,19,2
2023-03-05,20,3
2023-03-06,1,3
2023-03-06,4,2
2023-03-06,5,2
2023-03-06,6,3
2023-03-06,7,2
2023-03-06,9,2
2023-03-06,10,2
2023-03-06,11,2
2023-03-06,12,4
2023-03-06,13,1
2023-03-06,14,1
2023-03-06,15,2
2023-03-06,16,1
2023-03-06,17,1
2023-03-06,18,3
2023-03-06,19,2
2023-03-06,20,1
2023-03-07,1,3
2023-03-07,2,3
2023-03-07,4,1
2023-03-07,5,5
2023-03-07,6,3
2023-03-07,7,2
2023-03-07,8,1
2023-03-07,10,1
2023-03-07,12,2
2023-03-07,14,4
2023-03-07,15,3
2023-03-07,16,1
2023-03-07,17,2
2023-03-07,20,2
2023-03-08,1,2
2023-03-08,2,2
2023-03-08,3,1
2023-03-08,4,2
2023-03-08,5,2
2023-03-08,6,2
2023-03-08,7,1
2023-03-08,11,1
2023-03-08,15,4
2023-03-08,16,1
2023-03-08,17,1
2023-03-08,18,1
2023-03-08,20,1
2023-03-09,1,2
2023-03-09,3,1
2023-03-09,4,2
2023-03-09,5,1
2023-03-09,6,2
2023-03-09,7,2
2023-03-09,10,1
2023-03-09,11,1
2023-03-09,12,2
2023-03-09,13,1
2023-03-09,14,2
2023-03-09,16,2
2023-03-09,17,1
2023-03-09,18,3
2023-03-09,20,1
2023-03-10,2,2
2023-03-10,3,2
2023-03-10,5,1
2023-03-10,6,1
2023-03-10,7,2
2023-03-10,8,1
2023-03-10,10,3
2023-03-10,13,2
2023-03-10,16,1
2023-03-10,17,1
2023-03-10,18,2
2023-03-10,19,1
2023-03-10,20,3
2023-03-11,1,2
2023-03-11,2,2
2023-03-11,3,2
2023-03-11,4,1
2023-03-11,6,1
2023-03-11,7,1
2023-03-11,8,2
2023-03-11,9,1
2023-03-11,11,1
2023-03-11,12,3
2023-03-11,13,2
2023-03-11,14,1
2023-03-11,15,3
2023-03-11,20,2
2023-03-12,1,1
2023-03-12,2,3
2023-03-12,3,1
2023-03-12,4,2
2023-03-12,5,2
2023-03-12,6,2
2023-03-12,8,1
2023-03-12,10,1
2023-03-12,14,1
2023-03-12,15,2
2023-03-12,16,1
2023-03-12,17,1
2023-03-12,18,1
2023-03-12,19,2
2023-03-13,2,3
2023-03-13,3,4
2023-03-13,4,2
2023-03-13,6,1
2023-03-13,8,1
2023-03-13,9,1
2023-03-13,10,1
2023-03-13,12,2
2023-03-13,13,4
2023-03-13,15,2
2023-03-13,16,1
2023-03-13,19,3
2023-03-13,20,1
2023-03-14,1,1
2023-03-14,2,1
2023-03-14,4,1
2023-03-14,8,2
2023-03-14,9,2
2023-03-14,10,2
2023-03-14,12,3
2023-03-14,14,1
2023-03-14,15,1
2023-03-14,16,2
2023-03-14,18,3
2023-03-14,19,1
2023-03-14,20,1
2023-03-15,1,1
2023-03-15,2,1
2023-03-15,3,3
2023-03-15,4,2
2023-03-15,5,2
2023-03-15,6,3
2023-03-15,7,1
2023-03-15,8,1
2023-03-15,9,1
2023-03-15,10,2
2023-03-15,11,1
2023-03-15,12,1
2023-03-15,13,2
2023-03-15,18,1
2023-03-15,20,1
2023-03-16,2,1
2023-03-16,4,4
2023-03-16,6,1
2023-03-16,7,1
2023-03-16,8,2
2023-03-16,9,1
2023-03-16,10,1
2023-03-16,12,1
2023-03-16,13,1
2023-03-16,14,1
2023-03-16,15,2
2023-03-16,16,2
2023-03-16,17,1
2023-03-16,18,1
2023-03-16,19,2
2023-03-16,20,4
2023-03-17,1,3
2023-03-17,2,1
2023-03-17,3,1
2023-03-17,4,1
2023-03-17,5,1
2023-03-17,7,1
2023-03-17,9,1
2023-03-17,13,3
2023-03-17,15,1
2023-03-17,17,1
2023-03-17,18,1
2023-03-17,19,3
2023-03-18,1,1
2023-03-18,2,1
2023-03-18,3,2
2023-03-18,4,1
2023-03-18,6,1
2023-03-18,7,1
2023-03-18,8,1
2023-03-18,11,1
2023-03-18,12,2
2023-03-18,13,2
2023-03-18,15,1
2023-03-18,17,2
2023-03-18,18,1
2023-03-18,19,1
2023-03-18,20,1
2023-03-19,1,1
2023-03-19,2,2
2023-03-19,3,1
2023-03-19,4,2
2023-03-19,5,4
2023-03-19,7,1
2023-03-19,8,1
2023-03-19,9,1
2023-03-19,10,1
2023-03-19,11,1
2023-03-19,12,2
2023-03-19,13,1
2023-03-19,15,2
2023-03-19,16,1
2023-03-19,17,1
2023-03-19,18,2
2023-03-19,19,4
2023-03-20,2,1
2023-03-20,3,1
2023-03-20,4,1
2023-03-20,5,2
2023-03-20,6,1
2023-03-20,7,1
2023-03-20,8,2
2023-03-20,14,2
2023-03-20,15,1
2023-03-20,16,1
2023-03-20,18,2
2023-03-20,19,1
2023-03-21,2,1
2023-03-21,3,2
2023-03-21,4,2
2023-03-21,6,1
2023-03-21,8,3
2023-03-21,9,1
2023-03-21,10,1
2023-03-21,13,1
2023-03-21,14,1
2023-03-21,16,2
2023-03-21,17,1
2023-03-21,19,3
2023-03-21,20,3
2023-03-22,1,3
2023-03-22,6,1
2023-03-22,7,2
2023-03-22,9,2
2023-03-22,10,1
2023-03-22,11,2
2023-03-22,14,1
2023-03-22,15,1
2023-03-22,16,1
2023-03-22,18,1
2023-03-22,19,3
2023-03-22,20,2
2023-03-23,2,1
2023-03-23,4,2
2023-03-23,6,1
2023-03-23,7,2
2023-03-23,8,2
2023-03-23,9,2
2023-03-23,10,1
2023-03-23,11,1
2023-03-23,12,1
2023-03-23,13,2
2023-03-23,15,1
2023-03-23,16,1
2023-03-23,17,1
2023-03-23,18,1
2023-03-23,19,1
2023-03-23,20,2
2023-03-24,1,1
2023-03-24,3,1
2023-03-24,4,2
2023-03-24,7,1
2023-03-24,9,4
2023-03-24,10,2
2023-03-24,11,1
2023-03-24,13,1
2023-03-24,14,1
2023-03-24,16,2
2023-03-24,17,2
2023-03-24,18,2
2023-03-24,19,2
2023-03-24,20,1
2023-03-25,1,3
2023-03-25,2,1
2023-03-25,3,2
2023-03-25,4,1
2023-03-25,5,1
2023-03-25,6,2
2023-03-25,7,1
2023-03-25,8,3
2023-03-25,9,3
2023-03-25,10,2
2023-03-25,12,1
2023-03-25,14,1
2023-03-25,15,1
2023-03-25,16,1
2023-03-25,17,1
2023-03-25,18,3
2023-03-25,19,1
2023-03-26,1,2
2023-03-26,3,1
2023-03-26,4,1
2023-03-26,5,1
2023-03-26,6,1
2023-03-26,7,2
2023-03-26,8,1
2023-03-26,10,3
2023-03-26,11,1
2023-03-26,12,2
2023-03-26,14,2
2023-03-26,16,1
2023-03-26,17,2
2023-03-26,18,2
2023-03-27,1,1
2023-03-27,2,1
2023-03-27,3,2
2023-03-27,4,1
2023-03-27,5,2
2023-03-27,6,3
2023-03-27,7,1
2023-03-27,8,3
2023-03-27,9,1
2023-03-27,10,1
2023-03-27,12,1
2023-03-27,13,2
2023-03-27,14,4
2023-03-27,15,1
2023-03-27,16,3
2023-03-27,17,2
2023-03-27,20,2
2023-03-28,1,1
2023-03-28,2,4
2023-03-28,4,1
2023-03-28,5,3
2023-03-28,7,2
2023-03-28,8,1
2023-03-28,9,1
2023-03-28,10,4
2023-03-28,12,4
2023-03-28,14,2
2023-03-28,15,1
2023-03-28,17,1
2023-03-28,18,1
2023-03-28,19,2
2023-03-29,1,2
2023-03-29,2,3
2023-03-29,3,4
2023-03-29,4,3
2023-03-29,5,1
2023-03-29,6,1
2023-03-29,8,2
2023-03-29,9,1
2023-03-29,10,1
2023-03-29,11,2
2023-03-29,12,1
2023-03-29,13,2
2023-03-29,14,1
2023-03-29,15,4
2023-03-29,16,4
2023-03-29,17,3
2023-03-29,19,1
2023-03-30,1,2
2023-03-30,2,1
2023-03-30,3,1
2023-03-30,7,1
2023-03-30,8,3
2023-03-30,9,2
2023-03-30,10,5
2023-03-30,12,3
2023-03-30,13,6
2023-03-30,14,2
2023-03-30,16,1
2023-03-30,18,2
2023-03-30,20,1
2023-03-31,3,1
2023-03-31,4,4
2023-03-31,5,1
2023-03-31,6,6
2023-03-31,7,3
2023-03-31,8,2
2023-03-31,9,2
2023-03-31,10,2
2023-03-31,11,1
2023-03-31,15,1
2023-03-31,16,1
2023-03-31,17,2
2023-03-31,18,3
2023-03-31,19,1
2023-04-01,1,1
2023-04-01,2,3
2023-04-01,4,1
2023-04-01,6,2
2023-04-01,7,1
2023-04-01,10,2
2023-04-01,11,2
2023-04-01,12,3
2023-04-01,13,3
2023-04-01,15,1
2023-04-01,17,1
2023-04-01,18,1
2023-04-01,20,1
2023-04-02,3,1
2023-04-02,4,2
2023-04-02,5,4
2023-04-02,6,1
2023-04-02,10,1
2023-04-02,11,2
2023-04-02,12,2
2023-04-02,14,2
2023-04-02,16,2
2023-04-02,17,1
2023-04-02,18,2
2023-04-02,19,1
2023-04-02,20,1
2023-04-03,2,1
2023-04-03,3,2
2023-04-03,5,1
2023-04-03,8,2
2023-04-03,9,1
2023-04-03,10,2
2023-04-03,12,3
2023-04-03,13,3
2023-04-03,15,3
2023-04-03,19,3
2023-04-03,20,3
2023-04-04,2,1
2023-04-04,3,2
2023-04-04,4,2
2023-04-04,5,3
2023-04-04,8,3
2023-04-04,9,2
2023-04-04,10,2
2023-04-04,11,3
2023-04-04,12,4
2023-04-04,13,2
2023-04-04,14,3
2023-04-04,15,1
2023-04-04,16,2
2023-04-04,18,2
2023-04-04,19,1
2023-04-04,20,3
2023-04-05,1,2
2023-04-05,2,3
2023-04-05,3,1
2023-04-05,4,3
2023-04-05,5,1
2023-04-05,6,3
2023-04-05,7,3
2023-04-05,8,2
2023-04-05,10,2
2023-04-05,11,3
2023-04-05,12,1
2023-04-05,13,1
2023-04-05,15,3
2023-04-05,16,1
2023-04-05,17,3
2023-04-05,18,1
2023-04-05,19,1
2023-04-06,1,1
2023-04-06,3,1
2023-04-06,4,1
2023-04-06,6,1
2023-04-06,7,1
2023-04-06,9,1
2023-04-06,10,1
2023-04-06,11,3
2023-04-06,14,1
2023-04-06,16,1
2023-04-06,19,3
2023-04-06,20,2
2023-04-07,1,3
2023-04-07,3,1
2023-04-07,4,1
2023-04-07,5,1
2023-04-07,6,2
2023-04-07,7,1
2023-04-07,8,2
2023-04-07,9,2
2023-04-07,11,2
2023-04-07,13,2
2023-04-07,14,1
2023-04-07,17,1
2023-04-07,18,1
2023-04-07,19,2
2023-04-08,2,1
2023-04-08,3,1
2023-04-08,4,1
2023-04-08,5,1
2023-04-08,6,2
2023-04-08,7,1
2023-04-08,8,2
2023-04-08,9,1
2023-04-08,11,2
2023-04-08,13,2
2023-04-08,14,1
2023-04-08,15,1
2023-04-08,16,3
2023-04-08,17,2
2023-04-08,18,3
2023-04-08,19,6
2023-04-08,20,1
2023-04-09,2,1
2023-04-09,3,1
2023-04-09,4,1
2023-04-09,5,2
2023-04-09,6,4
2023-04-09,8,2
2023-04-09,9,2
2023-04-09,10,1
2023-04-09,13,2
2023-04-09,15,1
2023-04-09,17,2
2023-04-09,18,2
2023-04-09,20,3
2023-04-10,1,1
2023-04-10,2,1
2023-04-10,3,1
2023-04-10,4,3
2023-04-10,5,4
2023-04-10,6,2
2023-04-10,7,1
2023-04-10,8,1
2023-04-10,9,1
2023-04-10,10,1
2023-04-10,13,6
2023-04-10,14,1
2023-04-10,15,1
2023-04-10,16,1
2023-04-10,18,1
2023-04-10,19,2
2023-04-10,20,2
2023-04-11,1,1
2023-04-11,4,2
2023-04-11,7,2
2023-04-11,8,1
2023-04-11,11,1
2023-04-11,12,2
2023-04-11,13,1
2023-04-11,14,2
2023-04-11,15,2
2023-04-11,16,1
2023-04-11,18,3
2023-04-11,19,1
2023-04-12,1,2
2023-04-12,2,2
2023-04-12,4,2
2023-04-12,5,2
2023-04-12,6,2
2023-04-12,10,1
2023-04-12,11,2
2023-04-12,12,5
2023-04-12,13,2
2023-04-12,15,1
2023-04-12,17,6
2023-04-12,18,2
2023-04-13,1,2
2023-04-13,2,1
2023-04-13,3,3
2023-04-13,4,1
2023-04-13,6,2
2023-04-13,7,1
2023-04-13,8,1
2023-04-13,11,3
2023-04-13,12,2
2023-04-13,13,3
2023-04-13,14,1
2023-04-13,16,2
2023-04-13,17,2
2023-04-13,18,1
2023-04-14,2,3
2023-04-14,3,1
2023-04-14,6,1
2023-04-14,7,1
2023-04-14,9,2
2023-04-14,12,2
2023-04-14,13,2
2023-04-14,14,1
2023-04-14,16,1
2023-04-14,17,1
2023-04-14,18,3
2023-04-14,19,2
2023-04-14,20,4
2023-04-15,3,1
2023-04-15,9,1
2023-04-15,10,2
2023-04-15,12,1
2023-04-15,13,2
2023-04-15,14,1
2023-04-15,16,1
2023-04-15,19,1
2023-04-15,20,1
2023-04-16,1,1
2023-04-16,2,3
2023-04-16,3,1
2023-04-16,4,1
2023-04-16,5,2
2023-04-16,6,3
2023-04-16,8,1
2023-04-16,9,3
2023-04-16,10,5
2023-04-16,11,3
2023-04-16,12,4
2023-04-16,13,1
2023-04-16,15,5
2023-04-16,16,1
2023-04-16,17,1
2023-04-16,18,1
2023-04-16,19,1
2023-04-16,20,3
2023-04-17,1,1
2023-04-17,2,3
2023-04-17,3,2
2023-04-17,4,1
2023-04-17,5,2
2023-04-17,6,1
2023-04-17,7,2
2023-04-17,8,2
2023-04-17,10,2
2023-04-17,11,1
2023-04-17,13,2
2023-04-17,14,1
2023-04-17,16,2
2023-04-17,17,2
2023-04-17,18,3
2023-04-17,19,2
2023-04-18,1,2
2023-04-18,2,1
2023-04-18,3,3
2023-04-18,5,1
2023-04-18,6,1
2023-04-18,7,1
2023-04-18,8,1
2023-04-18,9,1
2023-04-18,10,2
2023-04-18,11,2
2023-04-18,12,3
2023-04-18,13,2
2023-04-18,15,2
2023-04-18,16,2
2023-04-18,18,1
2023-04-18,19,1
2023-04-18,20,1
2023-04-19,1,2
2023-04-19,2,2
2023-04-19,5,1
2023-04-19,8,1
2023-04-19,9,1
2023-04-19,10,1
2023-04-19,11,1
2023-04-19,13,1
2023-04-19,14,1
2023-04-19,15,3
2023-04-19,17,2
2023-04-19,18,3
2023-04-19,19,2
2023-04-19,20,1
2023-04-20,1,1
2023-04-20,2,1
2023-04-20,3,1
2023-04-20,6,2
2023-04-20,7,4
2023-04-20,8,3
2023-04-20,9,1
2023-04-20,10,4
2023-04-20,11,1
2023-04-20,12,3
2023-04-20,13,2
2023-04-20,14,1
2023-04-20,16,1
2023-04-20,17,4
2023-04-20,18,3
2023-04-20,20,1
2023-04-21,1,1
2023-04-21,2,1
2023-04-21,6,4
2023-04-21,7,7
2023-04-21,8,1
2023-04-21,9,2
2023-04-21,10,1
2023-04-21,11,2
2023-04-21,13,1
2023-04-21,14,1
2023-04-21,15,1
2023-04-21,16,1
2023-04-21,17,4
2023-04-21,18,2
2023-04-21,19,4
2023-04-21,20,1
2023-04-22,1,1
2023-04-22,3,1
2023-04-22,4,1
2023-04-22,5,1
2023-04-22,7,1
2023-04-22,8,1
2023-04-22,11,1
2023-04-22,12,2
2023-04-22,14,3
2023-04-22,15,3
2023-04-22,16,2
2023-04-22,17,3
2023-04-22,18,3
2023-04-22,19,1
2023-04-23,1,1
2023-04-23,2,2
2023-04-23,4,1
2023-04-23,5,2
2023-04-23,6,3
2023-04-23,7,1
2023-04-23,8,2
2023-04-23,9,3
2023-04-23,10,2
2023-04-23,14,2
2023-04-23,17,4
2023-04-23,18,2
2023-04-23,20,2
2023-04-24,1,1
2023-04-24,2,3
2023-04-24,3,2
2023-04-24,4,1
2023-04-24,6,2
2023-04-24,7,2
2023-04-24,8,1
2023-04-24,9,1
2023-04-24,10,2
2023-04-24,11,2
2023-04-24,13,3
2023-04-24,14,3
2023-04-24,17,1
2023-04-24,18,1
2023-04-24,20,2
2023-04-25,1,2
2023-04-25,2,2
2023-04-25,3,2
2023-04-25,5,1
2023-04-25,7,1
2023-04-25,8,1
2023-04-25,9,2
2023-04-25,11,2
2023-04-25,13,1
2023-04-25,14,3
2023-04-25,15,1
2023-04-25,18,3
2023-04-25,19,2
2023-04-25,20,2
2023-04-26,1,2
2023-04-26,2,3
2023-04-26,3,2
2023-04-26,4,4
2023-04-26,5,2
2023-04-26,6,3
2023-04-26,7,2
2023-04-26,9,1
2023-04-26,10,1
2023-04-26,12,2
2023-04-26,13,1
2023-04-26,14,1
2023-04-26,15,2
2023-04-26,16,1
2023-04-26,18,3
2023-04-26,19,2
2023-04-26,20,2
2023-04-27,1,1
2023-04-27,2,2
2023-04-27,3,1
2023-04-27,4,1
2023-04-27,5,1
2023-04-27,6,2
2023-04-27,7,1
2023-04-27,8,1
2023-04-27,9,2
2023-04-27,10,1
2023-04-27,11,3
2023-04-27,12,2
2023-04-27,15,2
2023-04-27,16,1
2023-04-27,17,2
2023-04-27,18,1
2023-04-27,19,1
2023-04-27,20,1
2023-04-28,1,3
2023-04-28,2,2
2023-04-28,3,1
2023-04-28,4,1
2023-04-28,5,2
2023-04-28,6,2
2023-04-28,7,1
2023-04-28,8,3
2023-04-28,10,1
2023-04-28,11,2
2023-04-28,12,1
2023-04-28,13,1
2023-04-28,14,2
2023-04-28,15,3
2023-04-28,16,2
2023-04-28,17,2
2023-04-28,18,1
2023-04-28,19,2
2023-04-28,20,2
2023-04-29,1,2
2023-04-29,2,2
2023-04-29,4,3
2023-04-29,7,1
2023-04-29,8,2
2023-04-29,9,1
2023-04-29,10,1
2023-04-29,11,1
2023-04-29,12,2
2023-04-29,13,1
2023-04-29,14,1
2023-04-29,15,1
2023-04-29,16,2
2023-04-29,17,2
2023-04-29,18,5
2023-04-29,19,1
2023-04-29,20,1
2023-04-30,1,1
2023-04-30,3,1
2023-04-30,4,3
2023-04-30,6,2
2023-04-30,7,1
2023-04-30,8,2
2023-04-30,9,1
2023-04-30,12,1
2023-04-30,13,2
2023-04-30,14,3
2023-04-30,15,3
2023-04-30,18,3
2023-04-30,19,1
2023-04-30,20,1
2023-05-01,1,1
2023-05-01,3,2
2023-05-01,4,2
2023-05-01,5,3
2023-05-01,6,2
2023-05-01,7,1
2023-05-01,9,2
2023-05-01,10,1
2023-05-01,11,1
2023-05-01,12,2
2023-05-01,14,3
2023-05-01,15,2
2023-05-01,16,2
2023-05-01,17,1
2023-05-01,18,2
2023-05-01,20,1
2023-05-02,5,1
2023-05-02,9,1
2023-05-02,10,2
2023-05-02,11,1
2023-05-02,14,1
2023-05-02,15,1
2023-05-02,16,1
2023-05-02,17,3
2023-05-02,18,1
2023-05-02,19,2
2023-05-02,20,2
2023-05-03,1,2
2023-05-03,2,1
2023-05-03,3,2
2023-05-03,4,2
2023-05-03,6,1
2023-05-03,7,3
2023-05-03,8,1
2023-05-03,9,2
2023-05-03,10,2
2023-05-03,11,2
2023-05-03,13,3
2023-05-03,15,1
2023-05-03,16,3
2023-05-03,17,1
2023-05-03,18,3
2023-05-03,19,2
2023-05-03,20,2
2023-05-04,1,1
2023-05-04,2,2
2023-05-04,3,3
2023-05-04,4,2
2023-05-04,5,1
2023-05-04,6,2
2023-05-04,9,2
2023-05-04,10,2
2023-05-04,12,4
2023-05-04,13,1
2023-05-04,15,3
2023-05-04,16,1
2023-05-04,17,1
2023-05-04,18,1
2023-05-04,19,3
2023-05-05,2,1
2023-05-05,3,1
2023-05-05,4,1
2023-05-05,5,1
2023-05-05,7,2
2023-05-05,8,1
2023-05-05,9,1
2023-05-05,10,4
2023-05-05,11,3
2023-05-05,12,2
2023-05-05,13,2
2023-05-05,15,2
2023-05-05,16,1
2023-05-05,18,1
2023-05-05,19,3
2023-05-05,20,1
2023-05-06,1,1
2023-05-06,2,4
2023-05-06,3,1
2023-05-06,5,3
2023-05-06,6,1
2023-05-06,7,1
2023-05-06,8,1
2023-05-06,9,3
2023-05-06,11,2
2023-05-06,12,2
2023-05-06,14,4
2023-05-06,15,1
2023-05-06,17,1
2023-05-06,18,1
2023-05-07,1,1
2023-05-07,2,1
2023-05-07,3,1
2023-05-07,4,1
2023-05-07,5,1
2023-05-07,8,2
2023-05-07,9,1
2023-05-07,10,1
2023-05-07,12,1
2023-05-07,13,1
2023-05-07,14,2
2023-05-07,16,1
2023-05-07,17,1
2023-05-07,18,2
2023-05-07,19,2
2023-05-07,20,5
2023-05-08,1,1
2023-05-08,2,2
2023-05-08,3,4
2023-05-08,4,2
2023-05-08,5,1
2023-05-08,6,1
2023-05-08,7,2
2023-05-08,8,1
2023-05-08,9,2
2023-05-08,10,4
2023-05-08,13,1
2023-05-08,14,1
2023-05-08,15,1
2023-05-08,16,2
2023-05-08,17,3
2023-05-08,19,2
2023-05-08,20,5
2023-05-09,1,1
2023-05-09,2,4
2023-05-09,3,1
2023-05-09,4,2
2023-05-09,5,3
2023-05-09,6,1
2023-05-09,7,1
2023-05-09,8,1
2023-05-09,11,1
2023-05-09,12,2
2023-05-09,13,1
2023-05-09,15,1
2023-05-09,16,4
2023-05-09,17,2
2023-05-09,19,2
2023-05-10,3,1
2023-05-10,5,1
2023-05-10,6,2
2023-05-10,7,1
2023-05-10,8,2
2023-05-10,11,2
2023-05-10,13,4
2023-05-10,15,2
2023-05-10,16,1
2023-05-10,18,5
2023-05-11,1,2
2023-05-11,2,1
2023-05-11,3,3
2023-05-11,4,3
2023-05-11,5,2
2023-05-11,7,3
2023-05-11,8,3
2023-05-11,9,1
2023-05-11,11,1
2023-05-11,12,4
2023-05-11,13,2
2023-05-11,14,1
2023-05-11,15,1
2023-05-11,17,3
2023-05-11,18,3
2023-05-11,19,1
2023-05-11,20,3
2023-05-12,2,3
2023-05-12,3,1
2023-05-12,4,2
2023-05-12,5,1
2023-05-12,6,1
2023-05-12,7,1
2023-05-12,9,2
2023-05-12,10,2
2023-05-12,11,1
2023-05-12,12,1
2023-05-12,14,1
2023-05-12,15,1
2023-05-12,17,1
2023-05-12,18,3
2023-05-12,19,1
2023-05-12,20,4
2023-05-13,1,2
2023-05-13,2,1
2023-05-13,3,2
2023-05-13,4,1
2023-05-13,5,1
2023-05-13,7,2
2023-05-13,8,1
2023-05-13,9,1
2023-05-13,10,3
2023-05-13,11,2
2023-05-13,12,3
2023-05-13,13,1
2023-05-13,14,2
2023-05-13,15,1
2023-05-13,17,4
2023-05-13,18,1
2023-05-13,19,1
2023-05-14,1,2
2023-05-14,6,1
2023-05-14,7,2
2023-05-14,8,3
2023-05-14,9,1
2023-05-14,11,2
2023-05-14,12,2
2023-05-14,13,1
2023-05-14,14,3
2023-05-14,15,1
2023-05-14,16,2
2023-05-14,18,2
2023-05-14,19,1
2023-05-14,20,1
2023-05-15,3,1
2023-05-15,4,1
2023-05-15,5,1
2023-05-15,6,1
2023-05-15,7,3
2023-05-15,9,2
2023-05-15,10,2
2023-05-15,11,5
2023-05-15,12,1
2023-05-15,13,1
2023-05-15,15,2
2023-05-15,16,2
2023-05-15,17,1
2023-05-15,18,2
2023-05-15,19,1
2023-05-15,20,1
2023-05-16,1,1
2023-05-16,2,2
2023-05-16,3,1
2023-05-16,4,1
2023-05-16,5,1
2023-05-16,6,3
2023-05-16,7,7
2023-05-16,9,1
2023-05-16,10,4
2023-05-16,11,2
2023-05-16,12,2
2023-05-16,13,3
2023-05-16,14,1
2023-05-16,15,2
2023-05-16,16,1
2023-05-16,17,2
2023-05-16,18,2
2023-05-16,19,3
2023-05-16,20,1
2023-05-17,2,3
2023-05-17,6,2
2023-05-17,7,2
2023-05-17,8,1
2023-05-17,9,1
2023-05-17,10,1
2023-05-17,11,2
2023-05-17,12,1
2023-05-17,13,1
2023-05-17,14,3
2023-05-17,15,2
2023-05-17,16,2
2023-05-17,17,2
2023-05-17,18,3
2023-05-17,19,2
2023-05-17,20,1
2023-05-18,1,2
2023-05-18,2,2
2023-05-18,3,2
2023-05-18,4,2
2023-05-18,5,2
2023-05-18,6,1
2023-05-18,7,2
2023-05-18,8,1
2023-05-18,10,1
2023-05-18,12,1
2023-05-18,14,1
2023-05-18,15,2
2023-05-18,16,3
2023-05-18,17,1
2023-05-18,18,2
2023-05-19,2,1
2023-05-19,3,2
2023-05-19,4,1
2023-05-19,5,1
2023-05-19,6,1
2023-05-19,7,1
2023-05-19,10,1
2023-05-19,11,1
2023-05-19,12,2
2023-05-19,13,2
2023-05-19,14,1
2023-05-19,16,1
2023-05-19,17,2
2023-05-19,18,2
2023-05-19,19,1
2023-05-20,1,3
2023-05-20,2,1
2023-05-20,4,3
2023-05-20,6,1
2023-05-20,7,1
2023-05-20,8,2
2023-05-20,9,1
2023-05-20,10,2
2023-05-20,13,1
2023-05-20,14,3
2023-05-20,15,2
2023-05-20,16,4
2023-05-20,17,2
2023-05-20,18,1
2023-05-20,19,1
2023-05-20,20,1
2023-05-21,1,4
2023-05-21,3,1
2023-05-21,4,1
2023-05-21,5,2
2023-05-21,6,2
2023-05-21,7,2
2023-05-21,8,2
2023-05-21,10,3
2023-05-21,12,3
2023-05-21,13,1
2023-05-21,14,2
2023-05-21,16,2
2023-05-21,17,1
2023-05-21,18,1
2023-05-21,20,2
2023-05-22,1,4
2023-05-22,2,2
2023-05-22,3,1
2023-05-22,4,3
2023-05-22,5,3
2023-05-22,6,1
2023-05-22,9,4
2023-05-22,11,1
2023-05-22,12,3
2023-05-22,14,2
2023-05-22,17,2
2023-05-22,18,1
2023-05-22,19,1
2023-05-22,20,1
2023-05-23,1,1
2023-05-23,4,2
2023-05-23,6,1
2023-05-23,7,2
2023-05-23,8,2
2023-05-23,9,1
2023-05-23,11,2
2023-05-23,12,2
2023-05-23,13,1
2023-05-23,14,1
2023-05-23,16,1
2023-05-23,18,1
2023-05-23,20,3
2023-05-24,2,2
2023-05-24,3,2
2023-05-24,5,2
2023-05-24,6,1
2023-05-24,7,1
2023-05-24,8,3
2023-05-24,12,2
2023-05-24,13,1
2023-05-24,15,3
2023-05-24,16,1
2023-05-24,17,2
2023-05-24,18,1
2023-05-25,2,1
2023-05-25,4,3
2023-05-25,5,1
2023-05-25,6,1
2023-05-25,7,3
2023-05-25,8,1
2023-05-25,9,2
2023-05-25,10,2
2023-05-25,11,1
2023-05-25,13,2
2023-05-25,14,2
2023-05-25,17,2
2023-05-25,19,1
2023-05-25,20,1
2023-05-26,1,1
2023-05-26,3,1
2023-05-26,4,1
2023-05-26,5,2
2023-05-26,6,3
2023-05-26,7,4
2023-05-26,8,1
2023-05-26,9,1
2023-05-26,12,1
2023-05-26,13,2
2023-05-26,15,1
2023-05-26,18,1
2023-05-26,19,2
2023-05-27,1,2
2023-05-27,4,2
2023-05-27,6,4
2023-05-27,7,1
2023-05-27,10,1
2023-05-27,13,1
2023-05-27,14,3
2023-05-27,16,4
2023-05-27,18,1
2023-05-27,19,1
2023-05-27,20,1
2023-05-28,3,2
2023-05-28,4,1
2023-05-28,7,3
2023-05-28,8,1
2023-05-28,9,2
2023-05-28,10,1
2023-05-28,11,2
2023-05-28,12,1
2023-05-28,14,1
2023-05-28,15,1
2023-05-28,16,1
2023-05-28,17,2
2023-05-28,19,1
2023-05-28,20,1
2023-05-29,1,2
2023-05-29,3,2
2023-05-29,5,1
2023-05-29,6,1
2023-05-29,7,1
2023-05-29,8,1
2023-05-29,9,2
2023-05-29,11,2
2023-05-29,12,1
2023-05-29,16,1
2023-05-29,18,1
2023-05-29,19,3
2023-05-30,1,3
2023-05-30,2,1
2023-05-30,3,2
2023-05-30,5,2
2023-05-30,6,2
2023-05-30,8,2
2023-05-30,10,1
2023-05-30,11,1
2023-05-30,12,1
2023-05-30,13,1
2023-05-30,15,1
2023-05-30,17,1
2023-05-30,18,2
2023-05-30,20,3
2023-05-31,1,1
2023-05-31,2,1
2023-05-31,4,2
2023-05-31,5,4
2023-05-31,6,2
2023-05-31,7,3
2023-05-31,8,2
2023-05-31,10,2
2023-05-31,11,2
2023-05-31,12,2
2023-05-31,13,2
2023-05-31,14,2
2023-05-31,15,1
2023-05-31,17,2
2023-05-31,20,1
2023-06-01,1,3
2023-06-01,2,1
2023-06-01,4,1
2023-06-01,5,2
2023-06-01,8,2
2023-06-01,9,1
2023-06-01,10,2
2023-06-01,11,2
2023-06-01,12,2
2023-06-01,13,2
2023-06-01,15,1
2023-06-01,16,1
2023-06-01,17,2
2023-06-01,20,2
2023-06-02,1,1
2023-06-02,3,2
2023-06-02,5,2
2023-06-02,6,1
2023-06-02,7,2
2023-06-02,8,4
2023-06-02,9,1
2023-06-02,10,2
2023-06-02,11,2
2023-06-02,12,4
2023-06-02,13,2
2023-06-02,14,2
2023-06-02,16,2
2023-06-02,17,1
2023-06-02,18,1
2023-06-02,19,4
2023-06-03,1,2
2023-06-03,3,2
2023-06-03,4,2
2023-06-03,5,1
2023-06-03,6,1
2023-06-03,7,1
2023-06-03,8,3
2023-06-03,9,1
2023-06-03,11,1
2023-06-03,12,2
2023-06-03,13,2
2023-06-03,17,3
2023-06-03,18,1
2023-06-03,19,2
2023-06-03,20,3
2023-06-04,1,1
2023-06-04,5,1
2023-06-04,7,1
2023-06-04,8,1
2023-06-04,9,1
2023-06-04,10,1
2023-06-04,12,2
2023-06-04,13,4
2023-06-04,14,1
2023-06-04,16,2
2023-06-04,17,3
2023-06-04,20,1
2023-06-05,1,2
2023-06-05,2,3
2023-06-05,4,4
2023-06-05,5,2
2023-06-05,6,1
2023-06-05,7,1
2023-06-05,9,3
2023-06-05,10,2
2023-06-05,12,6
2023-06-05,13,2
2023-06-05,14,1
2023-06-05,15,1
2023-06-05,16,2
2023-06-05,17,1
2023-06-05,18,3
2023-06-05,19,3
2023-06-05,20,1
2023-06-06,1,3
2023-06-06,2,2
2023-06-06,3,3
2023-06-06,4,3
2023-06-06,5,1
2023-06-06,6,1
2023-06-06,8,1
2023-06-06,10,1
2023-06-06,12,2
2023-06-06,13,1
2023-06-06,14,1
2023-06-06,15,2
2023-06-06,16,1
2023-06-06,18,1
2023-06-06,19,2
2023-06-06,20,2
2023-06-07,4,3
2023-06-07,5,1
2023-06-07,6,2
2023-06-07,7,3
2023-06-07,8,1
2023-06-07,9,2
2023-06-07,10,1
2023-06-07,12,1
2023-06-07,14,2
2023-06-07,16,1
2023-06-07,17,2
2023-06-07,18,3
2023-06-07,19,2
2023-06-07,20,2
2023-06-08,2,6
2023-06-08,3,2
2023-06-08,4,2
2023-06-08,6,1
2023-06-08,8,1
2023-06-08,9,2
2023-06-08,11,2
2023-06-08,13,2
2023-06-08,14,3
2023-06-08,18,1
2023-06-08,19,1
2023-06-09,1,1
2023-06-09,2,2
2023-06-09,3,2
2023-06-09,4,1
2023-06-09,5,1
2023-06-09,6,1
2023-06-09,7,3
2023-06-09,8,1
2023-06-09,11,1
2023-06-09,12,2
2023-06-09,13,4
2023-06-09,14,4
2023-06-09,18,3
2023-06-09,20,4
2023-06-10,2,6
2023-06-10,3,2
2023-06-10,5,4
2023-06-10,6,2
2023-06-10,8,1
2023-06-10,9,4
2023-06-10,12,3
2023-06-10,13,3
2023-06-10,15,2
2023-06-10,16,5
2023-06-10,17,2
2023-06-10,18,1
2023-06-10,19,1
2023-06-10,20,1
2023-06-11,2,3
2023-06-11,3,2
2023-06-11,4,1
2023-06-11,5,1
2023-06-11,7,1
2023-06-11,8,1
2023-06-11,9,3
2023-06-11,10,2
2023-06-11,13,1
2023-06-11,14,2
2023-06-11,15,1
2023-06-11,16,3
2023-06-11,17,1
2023-06-11,18,2
2023-06-11,19,1
2023-06-11,20,2
2023-06-12,1,1
2023-06-12,2,1
2023-06-12,3,1
2023-06-12,4,1
2023-06-12,5,1
2023-06-12,6,2
2023-06-12,7,1
2023-06-12,9,1
2023-06-12,10,2
2023-06-12,11,1
2023-06-12,12,1
2023-06-12,13,1
2023-06-12,14,3
2023-06-12,15,3
2023-06-12,16,1
2023-06-12,17,4
2023-06-12,18,3
2023-06-12,19,3
2023-06-12,20,3
2023-06-13,1,3
2023-06-13,2,1
2023-06-13,3,2
2023-06-13,4,3
2023-06-13,5,1
2023-06-13,6,1
2023-06-13,7,2
2023-06-13,8,1
2023-06-13,9,1
2023-06-13,10,1
2023-06-13,11,4
2023-06-13,12,1
2023-06-13,13,1
2023-06-13,15,2
2023-06-13,16,1
2023-06-13,17,1
2023-06-13,19,3
2023-06-13,20,4
2023-06-14,1,2
2023-06-14,3,3
2023-06-14,5,1
2023-06-14,6,3
2023-06-14,7,1
2023-06-14,8,3
2023-06-14,9,1
2023-06-14,10,1
2023-06-14,11,2
2023-06-14,12,2
2023-06-14,13,1
2023-06-14,14,3
2023-06-14,16,1
2023-06-14,17,1
2023-06-14,18,1
2023-06-14,20,2
2023-06-15,1,4
2023-06-15,2,1
2023-06-15,3,1
2023-06-15,4,1
2023-06-15,5,3
2023-06-15,6,1
2023-06-15,7,3
2023-06-15,9,2
2023-06-15,10,2
2023-06-15,12,1
2023-06-15,13,3
2023-06-15,15,3
2023-06-15,16,4
2023-06-15,18,2
2023-06-15,19,1
2023-06-15,20,1
2023-06-16,2,3
2023-06-16,3,2
2023-06-16,4,2
2023-06-16,6,2
2023-06-16,7,4
2023-06-16,8,2
2023-06-16,9,5
2023-06-16,10,2
2023-06-16,11,1
2023-06-16,12,3
2023-06-16,13,1
2023-06-16,14,1
2023-06-16,15,1
2023-06-16,16,2
2023-06-16,17,1
2023-06-16,18,3
2023-06-16,19,1
2023-06-16,20,4
2023-06-17,1,1
2023-06-17,2,1
2023-06-17,3,1
2023-06-17,4,1
2023-06-17,5,3
2023-06-17,6,2
2023-06-17,7,1
2023-06-17,8,1
2023-06-17,9,2
2023-06-17,10,5
2023-06-17,11,1
2023-06-17,12,2
2023-06-17,13,2
2023-06-17,14,1
2023-06-17,15,2
2023-06-17,16,3
2023-06-17,17,3
2023-06-17,18,3
2023-06-17,19,1
2023-06-17,20,1
2023-06-18,1,2
2023-06-18,3,1
2023-06-18,4,1
2023-06-18,5,1
2023-06-18,7,1
2023-06-18,9,2
2023-06-18,10,3
2023-06-18,12,1
2023-06-18,13,1
2023-06-18,14,2
2023-06-18,15,3
2023-06-18,16,1
2023-06-18,18,1
2023-06-18,19,2
2023-06-18,20,3
2023-06-19,1,1
2023-06-19,2,1
2023-06-19,3,1
2023-06-19,4,2
2023-06-19,5,2
2023-06-19,6,3
2023-06-19,7,2
2023-06-19,8,4
2023-06-19,10,2
2023-06-19,11,2
2023-06-19,12,1
2023-06-19,14,1
2023-06-19,15,1
2023-06-19,18,1
2023-06-19,19,1
2023-06-19,20,1
2023-06-20,1,2
2023-06-20,2,2
2023-06-20,3,1
2023-06-20,4,2
2023-06-20,6,1
2023-06-20,7,2
2023-06-20,8,2
2023-06-20,9,3
2023-06-20,11,1
2023-06-20,12,1
2023-06-20,15,1
2023-06-20,16,2
2023-06-20,17,2
2023-06-20,19,2
2023-06-20,20,2
2023-06-21,1,1
2023-06-21,4,1
2023-06-21,6,2
2023-06-21,7,1
2023-06-21,8,1
2023-06-21,9,3
2023-06-21,13,1
2023-06-21,14,1
2023-06-21,18,1
2023-06-21,20,2
2023-06-22,1,1
2023-06-22,2,2
2023-06-22,4,4
2023-06-22,5,2
2023-06-22,6,3
2023-06-22,7,1
2023-06-22,9,2
2023-06-22,11,1
2023-06-22,12,2
2023-06-22,13,1
2023-06-22,14,3
2023-06-22,16,1
2023-06-22,18,1
2023-06-22,19,2
2023-06-22,20,2
2023-06-23,1,2
2023-06-23,3,2
2023-06-23,4,1
2023-06-23,5,3
2023-06-23,7,2
2023-06-23,8,3
2023-06-23,12,2
2023-06-23,13,1
2023-06-23,14,2
2023-06-23,15,3
2023-06-23,17,2
2023-06-23,19,2
2023-06-23,20,1
2023-06-24,1,2
2023-06-24,2,2
2023-06-24,5,1
2023-06-24,6,4
2023-06-24,7,1
2023-06-24,8,6
2023-06-24,9,1
2023-06-24,11,1
2023-06-24,12,1
2023-06-24,13,1
2023-06-24,14,3
2023-06-24,15,1
2023-06-24,16,1
2023-06-24,17,2
2023-06-24,18,2
2023-06-24,19,1
2023-06-24,20,2
2023-06-25,1,2
2023-06-25,2,1
2023-06-25,3,2
2023-06-25,4,1
2023-06-25,5,1
2023-06-25,7,1
2023-06-25,8,1
2023-06-25,9,2
2023-06-25,10,2
2023-06-25,11,2
2023-06-25,12,1
2023-06-25,13,2
2023-06-25,14,5
2023-06-25,16,1
2023-06-25,17,1
2023-06-25,18,1
2023-06-25,20,2
2023-06-26,1,2
2023-06-26,2,3
2023-06-26,5,2
2023-06-26,7,3
2023-06-26,8,2
2023-06-26,9,1
2023-06-26,10,2
2023-06-26,11,2
2023-06-26,12,1
2023-06-26,14,3
2023-06-26,15,3
2023-06-26,16,1
2023-06-26,19,2
2023-06-26,20,1
2023-06-27,2,1
2023-06-27,3,2
2023-06-27,4,2
2023-06-27,5,2
2023-06-27,6,3
2023-06-27,7,3
2023-06-27,8,3
2023-06-27,9,2
2023-06-27,10,1
2023-06-27,12,2
2023-06-27,13,1
2023-06-27,14,2
2023-06-27,16,6
2023-06-27,18,2
2023-06-27,19,1
2023-06-27,20,2
2023-06-28,2,1
2023-06-28,4,2
2023-06-28,5,1
2023-06-28,6,2
2023-06-28,7,3
2023-06-28,8,1
2023-06-28,10,1
2023-06-28,11,5
2023-06-28,12,4
2023-06-28,14,1
2023-06-28,15,2
2023-06-28,16,2
2023-06-28,17,2
2023-06-28,19,2
2023-06-28,20,1
2023-06-29,2,2
2023-06-29,3,3
2023-06-29,4,1
2023-06-29,5,2
2023-06-29,6,3
2023-06-29,8,1
2023-06-29,9,1
2023-06-29,10,1
2023-06-29,11,2
2023-06-29,13,5
2023-06-29,15,3
2023-06-29,16,2
2023-06-29,18,3
2023-06-29,19,2
2023-06-30,1,3
2023-06-30,3,1
2023-06-30,4,1
2023-06-30,5,1
2023-06-30,7,5
2023-06-30,10,2
2023-06-30,11,2
2023-06-30,12,2
2023-06-30,14,3
2023-06-30,15,2
2023-06-30,16,1
2023-06-30,17,1
2023-06-30,18,3
2023-06-30,20,2
2023-07-01,1,1
2023-07-01,2,3
2023-07-01,3,1
2023-07-01,4,1
2023-07-01,5,1
2023-07-01,6,2
2023-07-01,7,2
2023-07-01,8,2
2023-07-01,9,1
2023-07-01,10,3
2023-07-01,11,1
2023-07-01,12,2
2023-07-01,14,1
2023-07-01,15,1
2023-07-01,18,1
2023-07-01,19,3
2023-07-02,1,1
2023-07-02,2,1
2023-07-02,3,3
2023-07-02,4,4
2023-07-02,5,3
2023-07-02,6,1
2023-07-02,8,1
2023-07-02,9,2
2023-07-02,10,2
2023-07-02,11,2
2023-07-02,12,2
2023-07-02,13,2
2023-07-02,14,3
2023-07-02,15,2
2023-07-02,16,2
2023-07-02,17,3
2023-07-02,18,1
2023-07-03,1,1
2023-07-03,2,1
2023-07-03,4,1
2023-07-03,5,2
2023-07-03,6,1
2023-07-03,7,2
2023-07-03,8,2
2023-07-03,9,3
2023-07-03,10,2
2023-07-03,11,3
2023-07-03,12,1
2023-07-03,13,2
2023-07-03,14,2
2023-07-03,15,2
2023-07-03,18,1
2023-07-03,20,1
2023-07-04,4,1
2023-07-04,5,3
2023-07-04,6,3
2023-07-04,7,2
2023-07-04,8,4
2023-07-04,10,3
2023-07-04,11,1
2023-07-04,12,1
2023-07-04,13,2
2023-07-04,14,1
2023-07-04,15,5
2023-07-04,18,3
2023-07-04,20,1
2023-07-05,1,1
2023-07-05,2,2
2023-07-05,3,1
2023-07-05,7,2
2023-07-05,8,3
2023-07-05,9,2
2023-07-05,10,3
2023-07-05,11,3
2023-07-05,12,3
2023-07-05,13,1
2023-07-05,14,1
2023-07-05,16,1
2023-07-05,17,1
2023-07-05,18,1
2023-07-05,19,2
2023-07-05,20,1
2023-07-06,1,2
2023-07-06,3,1
2023-07-06,4,1
2023-07-06,5,2
2023-07-06,6,3
2023-07-06,7,2
2023-07-06,8,2
2023-07-06,9,1
2023-07-06,10,1
2023-07-06,11,1
2023-07-06,12,1
2023-07-06,14,3
2023-07-06,15,1
2023-07-06,16,2
2023-07-06,18,2
2023-07-06,19,2
2023-07-07,1,1
2023-07-07,3,2
2023-07-07,4,2
2023-07-07,5,2
2023-07-07,6,2
2023-07-07,7,2
2023-07-07,9,3
2023-07-07,13,1
2023-07-07,14,1
2023-07-07,15,5
2023-07-07,16,2
2023-07-07,17,1
2023-07-07,18,2
2023-07-07,19,3
2023-07-08,1,1
2023-07-08,2,3
2023-07-08,4,3
2023-07-08,8,1
2023-07-08,9,3
2023-07-08,10,3
2023-07-08,11,1
2023-07-08,12,4
2023-07-08,13,1
2023-07-08,16,1
2023-07-08,17,1
2023-07-08,18,1
2023-07-08,19,1
2023-07-08,20,4
2023-07-09,1,2
2023-07-09,2,1
2023-07-09,3,2
2023-07-09,4,3
2023-07-09,5,2
2023-07-09,6,1
2023-07-09,8,2
2023-07-09,9,1
2023-07-09,10,2
2023-07-09,11,2
2023-07-09,13,1
2023-07-09,14,1
2023-07-09,15,4
2023-07-09,16,1
2023-07-09,17,1
2023-07-09,18,2
2023-07-09,19,1
2023-07-09,20,2
2023-07-10,1,1
2023-07-10,2,1
2023-07-10,4,1
2023-07-10,5,1
2023-07-10,7,2
2023-07-10,8,2
2023-07-10,10,2
2023-07-10,11,2
2023-07-10,13,2
2023-07-10,14,1
2023-07-10,15,1
2023-07-10,16,1
2023-07-10,17,1
2023-07-10,18,2
2023-07-10,19,1
2023-07-11,2,2
2023-07-11,3,3
2023-07-11,4,1
2023-07-11,5,3
2023-07-11,6,1
2023-07-11,7,2
2023-07-11,8,3
2023-07-11,9,2
2023-07-11,10,2
2023-07-11,11,3
2023-07-11,12,1
2023-07-11,13,2
2023-07-11,16,1
2023-07-11,17,3
2023-07-11,19,2
2023-07-11,20,1
2023-07-12,1,5
2023-07-12,2,3
2023-07-12,3,2
2023-07-12,4,1
2023-07-12,6,3
2023-07-12,7,1
2023-07-12,10,2
2023-07-12,11,2
2023-07-12,12,3
2023-07-12,13,2
2023-07-12,15,2
2023-07-12,16,3
2023-07-12,17,1
2023-07-12,18,1
2023-07-12,19,4
2023-07-12,20,2
2023-07-13,1,1
2023-07-13,2,1
2023-07-13,3,3
2023-07-13,4,2
2023-07-13,5,2
2023-07-13,6,1
2023-07-13,7,1
2023-07-13,8,3
2023-07-13,10,2
2023-07-13,11,1
2023-07-13,13,3
2023-07-13,14,2
2023-07-13,15,1
2023-07-13,16,1
2023-07-13,17,1
2023-07-13,18,1
2023-07-13,19,1
2023-07-13,20,3
2023-07-14,2,1
2023-07-14,4,2
2023-07-14,5,2
2023-07-14,6,2
2023-07-14,7,4
2023-07-14,8,2
2023-07-14,9,3
2023-07-14,10,3
2023-07-14,11,1
2023-07-14,13,1
2023-07-14,16,1
2023-07-14,18,1
2023-07-14,19,1
2023-07-14,20,2
2023-07-15,1,2
2023-07-15,2,1
2023-07-15,4,1
2023-07-15,6,2
2023-07-15,7,3
2023-07-15,8,1
2023-07-15,9,1
2023-07-15,10,1
2023-07-15,11,2
2023-07-15,13,4
2023-07-15,14,1
2023-07-15,15,1
2023-07-15,17,1
2023-07-15,18,1
2023-07-15,19,2
2023-07-15,20,1
2023-07-16,1,1
2023-07-16,2,3
2023-07-16,3,1
2023-07-16,4,3
2023-07-16,5,4
2023-07-16,7,2
2023-07-16,9,1
2023-07-16,11,3
2023-07-16,12,2
2023-07-16,13,2
2023-07-16,15,2
2023-07-16,16,1
2023-07-16,19,1
2023-07-16,20,1
2023-07-17,2,3
2023-07-17,3,2
2023-07-17,4,2
2023-07-17,7,2
2023-07-17,8,1
2023-07-17,10,1
2023-07-17,11,3
2023-07-17,12,1
2023-07-17,13,1
2023-07-17,14,3
2023-07-17,15,1
2023-07-17,16,2
2023-07-17,17,1
2023-07-17,20,1
2023-07-18,3,2
2023-07-18,4,1
2023-07-18,5,1
2023-07-18,6,1
2023-07-18,8,1
2023-07-18,9,1
2023-07-18,10,1
2023-07-18,11,1
2023-07-18,12,4
2023-07-18,13,3
2023-07-18,14,3
2023-07-18,15,1
2023-07-18,16,2
2023-07-18,17,1
2023-07-18,18,3
2023-07-19,1,2
2023-07-19,2,2
2023-07-19,3,3
2023-07-19,4,3
2023-07-19,5,2
2023-07-19,7,2
2023-07-19,8,2
2023-07-19,9,3
2023-07-19,10,2
2023-07-19,12,2
2023-07-19,13,1
2023-07-19,15,1
2023-07-19,17,2
2023-07-19,19,1
2023-07-19,20,3
2023-07-20,2,1
2023-07-20,4,2
2023-07-20,7,4
2023-07-20,8,1
2023-07-20,9,1
2023-07-20,11,2
2023-07-20,12,2
2023-07-20,14,1
2023-07-20,15,1
2023-07-20,16,2
2023-07-20,17,2
2023-07-20,18,1
2023-07-20,19,2
2023-07-20,20,1
2023-07-21,1,3
2023-07-21,5,1
2023-07-21,6,2
2023-07-21,7,2
2023-07-21,8,4
2023-07-21,10,1
2023-07-21,11,2
2023-07-21,12,2
2023-07-21,15,2
2023-07-21,17,1
2023-07-21,18,1
2023-07-21,19,1
2023-07-21,20,1
2023-07-22,1,4
2023-07-22,2,2
2023-07-22,3,1
2023-07-22,4,2
2023-07-22,5,2
2023-07-22,6,1
2023-07-22,8,3
2023-07-22,9,1
2023-07-22,10,2
2023-07-22,12,1
2023-07-22,13,1
2023-07-22,14,1
2023-07-22,15,1
2023-07-22,16,2
2023-07-22,18,1
2023-07-22,19,2
2023-07-22,20,2
2023-07-23,1,2
2023-07-23,2,2
2023-07-23,3,3
2023-07-23,5,1
2023-07-23,6,2
2023-07-23,7,1
2023-07-23,9,2
2023-07-23,10,4
2023-07-23,12,2
2023-07-23,13,1
2023-07-23,14,2
2023-07-23,15,2
2023-07-23,16,1
2023-07-23,18,1
2023-07-23,19,1
2023-07-23,20,1
2023-07-24,2,3
2023-07-24,4,2
2023-07-24,5,1
2023-07-24,6,2
2023-07-24,7,1
2023-07-24,8,1
2023-07-24,10,1
2023-07-24,11,2
2023-07-24,12,1
2023-07-24,13,1
2023-07-24,14,4
2023-07-24,15,2
2023-07-24,17,2
2023-07-24,18,2
2023-07-24,19,1
2023-07-24,20,1
2023-07-25,1,1
2023-07-25,2,2
2023-07-25,3,3
2023-07-25,4,1
2023-07-25,5,1
2023-07-25,6,3
2023-07-25,7,1
2023-07-25,9,1
2023-07-25,10,4
2023-07-25,11,1
2023-07-25,12,2
2023-07-25,13,4
2023-07-25,14,1
2023-07-25,15,2
2023-07-25,18,1
2023-07-25,19,3
2023-07-26,1,2
2023-07-26,7,3
2023-07-26,9,1
2023-07-26,10,4
2023-07-26,12,2
2023-07-26,13,3
2023-07-26,14,2
2023-07-26,15,2
2023-07-26,16,1
2023-07-26,17,3
2023-07-26,20,1
2023-07-27,1,2
2023-07-27,2,4
2023-07-27,3,3
2023-07-27,4,2
2023-07-27,6,1
2023-07-27,8,1
2023-07-27,10,3
2023-07-27,12,2
2023-07-27,13,1
2023-07-27,14,1
2023-07-27,17,2
2023-07-27,19,3
2023-07-27,20,4
2023-07-28,1,1
2023-07-28,2,2
2023-07-28,4,1
2023-07-28,7,1
2023-07-28,12,3
2023-07-28,13,1
2023-07-28,14,1
2023-07-28,16,3
2023-07-28,18,2
2023-07-28,19,2
2023-07-28,20,1
2023-07-29,1,3
2023-07-29,2,1
2023-07-29,3,2
2023-07-29,4,2
2023-07-29,5,1
2023-07-29,6,3
2023-07-29,7,2
2023-07-29,8,1
2023-07-29,10,2
2023-07-29,12,2
2023-07-29,13,2
2023-07-29,14,1
2023-07-29,15,1
2023-07-29,16,1
2023-07-29,17,1
2023-07-29,18,2
2023-07-29,19,3
2023-07-29,20,1
2023-07-30,1,2
2023-07-30,2,1
2023-07-30,3,1
2023-07-30,4,4
2023-07-30,5,2
2023-07-30,6,1
2023-07-30,7,1
2023-07-30,8,1
2023-07-30,9,1
2023-07-30,10,1
2023-07-30,11,2
2023-07-30,12,4
2023-07-30,14,1
2023-07-30,15,1
2023-07-30,17,1
2023-07-30,18,1
2023-07-30,19,3
2023-07-30,20,1
2023-07-31,1,2
2023-07-31,3,1
2023-07-31,4,2
2023-07-31,5,3
2023-07-31,6,3
2023-07-31,7,1
2023-07-31,8,1
2023-07-31,9,1
2023-07-31,10,4
2023-07-31,11,2
2023-07-31,12,3
2023-07-31,13,3
2023-07-31,14,1
2023-07-31,15,1
2023-07-31,16,1
2023-07-31,19,1
2023-07-31,20,1
2023-08-01,2,3
2023-08-01,3,2
2023-08-01,4,4
2023-08-01,5,1
2023-08-01,7,1
2023-08-01,9,2
2023-08-01,10,2
2023-08-01,12,2
2023-08-01,14,1
2023-08-01,15,1
2023-08-01,16,1
2023-08-01,18,1
2023-08-02,1,2
2023-08-02,2,2
2023-08-02,3,1
2023-08-02,4,3
2023-08-02,6,1
2023-08-02,9,1
2023-08-02,10,2
2023-08-02,11,1
2023-08-02,13,1
2023-08-02,14,1
2023-08-02,15,1
2023-08-02,16,2
2023-08-02,17,2
2023-08-02,20,2
2023-08-03,1,1
2023-08-03,2,2
2023-08-03,3,1
2023-08-03,5,1
2023-08-03,8,3
2023-08-03,9,1
2023-08-03,10,2
2023-08-03,11,1
2023-08-03,12,3
2023-08-03,13,3
2023-08-03,14,1
2023-08-03,15,3
2023-08-03,16,1
2023-08-03,17,2
2023-08-03,18,1
2023-08-03,19,1
2023-08-03,20,3
2023-08-04,1,2
2023-08-04,2,3
2023-08-04,3,2
2023-08-04,4,1
2023-08-04,5,1
2023-08-04,6,1
2023-08-04,8,4
2023-08-04,9,2
2023-08-04,10,2
2023-08-04,12,3
2023-08-04,13,1
2023-08-04,14,2
2023-08-04,17,1
2023-08-04,19,1
2023-08-04,20,3
2023-08-05,1,3
2023-08-05,2,2
2023-08-05,3,1
2023-08-05,4,1
2023-08-05,6,1
2023-08-05,8,1
2023-08-05,9,2
2023-08-05,15,1
2023-08-05,16,2
2023-08-05,20,3
2023-08-06,2,3
2023-08-06,3,1
2023-08-06,5,2
2023-08-06,6,1
2023-08-06,7,1
2023-08-06,8,2
2023-08-06,9,1
2023-08-06,11,1
2023-08-06,12,2
2023-08-06,13,1
2023-08-06,14,2
2023-08-06,15,1
2023-08-06,17,4
2023-08-06,18,1
2023-08-06,19,1
2023-08-06,20,1
2023-08-07,1,1
2023-08-07,2,1
2023-08-07,3,1
2023-08-07,4,2
2023-08-07,5,1
2023-08-07,6,1
2023-08-07,7,3
2023-08-07,8,2
2023-08-07,9,2
2023-08-07,10,1
2023-08-07,11,2
2023-08-07,12,3
2023-08-07,14,1
2023-08-07,15,1
2023-08-07,16,3
2023-08-07,17,2
2023-08-07,19,2
2023-08-08,1,2
2023-08-08,2,1
2023-08-08,3,2
2023-08-08,5,2
2023-08-08,6,1
2023-08-08,8,1
2023-08-08,9,1
2023-08-08,10,2
2023-08-08,11,1
2023-08-08,12,2
2023-08-08,13,3
2023-08-08,15,1
2023-08-08,17,1
2023-08-08,18,1
2023-08-08,19,1
2023-08-08,20,1
2023-08-09,1,3
2023-08-09,2,1
2023-08-09,3,2
2023-08-09,4,1
2023-08-09,5,1
2023-08-09,6,1
2023-08-09,7,1
2023-08-09,9,1
2023-08-09,10,1
2023-08-09,11,1
2023-08-09,12,1
2023-08-09,13,1
2023-08-09,16,1
2023-08-09,19,1
2023-08-09,20,2
2023-08-10,2,2
2023-08-10,4,2
2023-08-10,6,2
2023-08-10,7,1
2023-08-10,9,2
2023-08-10,10,1
2023-08-10,11,2
2023-08-10,12,2
2023-08-10,13,3
2023-08-10,14,2
2023-08-10,15,1
2023-08-10,17,3
2023-08-10,18,2
2023-08-10,19,1
2023-08-11,1,1
2023-08-11,2,3
2023-08-11,3,1
2023-08-11,4,1
2023-08-11,5,2
2023-08-11,6,1
2023-08-11,8,2
2023-08-11,9,2
2023-08-11,10,1
2023-08-11,12,1
2023-08-11,14,2
2023-08-11,15,3
2023-08-11,18,3
2023-08-11,20,2
2023-08-12,2,2
2023-08-12,3,1
2023-08-12,4,2
2023-08-12,5,2
2023-08-12,6,1
2023-08-12,9,1
2023-08-12,11,2
2023-08-12,14,1
2023-08-12,15,2
2023-08-12,16,5
2023-08-12,17,1
2023-08-12,19,2
2023-08-12,20,1
2023-08-13,1,1
2023-08-13,2,1
2023-08-13,4,1
2023-08-13,5,2
2023-08-13,6,1
2023-08-13,7,1
2023-08-13,8,1
2023-08-13,9,1
2023-08-13,10,1
2023-08-13,11,3
2023-08-13,12,1
2023-08-13,13,1
2023-08-13,14,4
2023-08-13,16,1
2023-08-13,17,1
2023-08-13,18,2
2023-08-13,19,3
2023-08-13,20,2
2023-08-14,2,1
2023-08-14,3,2
2023-08-14,5,1
2023-08-14,6,1
2023-08-14,7,1
2023-08-14,8,1
2023-08-14,10,1
2023-08-14,11,3
2023-08-14,12,2
2023-08-14,14,1
2023-08-14,15,1
2023-08-14,17,2
2023-08-14,18,2
2023-08-14,20,1
2023-08-15,1,3
2023-08-15,2,1
2023-08-15,4,1
2023-08-15,5,1
2023-08-15,6,2
2023-08-15,7,1
2023-08-15,8,1
2023-08-15,10,1
2023-08-15,11,1
2023-08-15,12,3
2023-08-15,15,2
2023-08-15,18,1
2023-08-15,19,2
2023-08-16,1,2
2023-08-16,4,2
2023-08-16,5,2
2023-08-16,6,1
2023-08-16,7,2
2023-08-16,8,1
2023-08-16,11,1
2023-08-16,12,1
2023-08-16,13,2
2023-08-16,16,3
2023-08-16,20,3
2023-08-17,1,2
2023-08-17,2,2
2023-08-17,3,1
2023-08-17,4,2
2023-08-17,5,3
2023-08-17,7,3
2023-08-17,8,3
2023-08-17,9,2
2023-08-17,10,2
2023-08-17,11,1
2023-08-17,12,3
2023-08-17,13,2
2023-08-17,16,3
2023-08-17,17,2
2023-08-17,19,2
2023-08-17,20,2
2023-08-18,1,1
2023-08-18,2,4
2023-08-18,3,1
2023-08-18,4,1
2023-08-18,5,1
2023-08-18,7,1
2023-08-18,8,1
2023-08-18,11,2
2023-08-18,12,2
2023-08-18,13,1
2023-08-18,14,4
2023-08-18,15,1
2023-08-18,16,2
2023-08-18,17,1
2023-08-18,18,2
2023-08-18,19,3
2023-08-18,20,2
2023-08-19,1,4
2023-08-19,2,1
2023-08-19,4,5
2023-08-19,5,1
2023-08-19,6,1
2023-08-19,9,2
2023-08-19,11,1
2023-08-19,13,1
2023-08-19,14,1
2023-08-19,15,2
2023-08-19,16,2
2023-08-19,17,1
2023-08-19,18,1
2023-08-19,19,3
2023-08-19,20,3
2023-08-20,1,2
2023-08-20,2,3
2023-08-20,3,1
2023-08-20,4,1
2023-08-20,10,2
2023-08-20,11,3
2023-08-20,13,2
2023-08-20,14,1
2023-08-20,15,1
2023-08-20,16,2
2023-08-20,17,1
2023-08-20,18,1
2023-08-20,19,1
2023-08-21,2,2
2023-08-21,3,2
2023-08-21,4,2
2023-08-21,5,3
2023-08-21,6,1
2023-08-21,7,2
2023-08-21,8,3
2023-08-21,9,1
2023-08-21,10,1
2023-08-21,12,2
2023-08-21,13,2
2023-08-21,14,1
2023-08-21,15,1
2023-08-21,16,1
2023-08-21,17,1
2023-08-21,18,2
2023-08-21,19,4
2023-08-21,20,3
2023-08-22,1,3
2023-08-22,2,1
2023-08-22,4,1
2023-08-22,5,2
2023-08-22,9,1
2023-08-22,10,5
2023-08-22,11,1
2023-08-22,12,4
2023-08-22,13,8
2023-08-22,15,1
2023-08-22,17,1
2023-08-22,18,1
2023-08-22,19,4
2023-08-23,1,1
2023-08-23,2,1
2023-08-23,3,3
2023-08-23,4,3
2023-08-23,6,2
2023-08-23,7,1
2023-08-23,8,1
2023-08-23,9,2
2023-08-23,10,1
2023-08-23,11,2
2023-08-23,12,2
2023-08-23,13,2
2023-08-23,14,2
2023-08-23,15,1
2023-08-23,16,2
2023-08-23,18,2
2023-08-23,19,1
2023-08-24,1,2
2023-08-24,2,3
2023-08-24,3,1
2023-08-24,6,4
2023-08-24,8,1
2023-08-24,9,1
2023-08-24,10,4
2023-08-24,11,2
2023-08-24,12,3
2023-08-24,13,1
2023-08-24,14,1
2023-08-24,15,1
2023-08-24,16,1
2023-08-24,17,3
2023-08-24,19,1
2023-08-25,1,1
2023-08-25,2,2
2023-08-25,4,1
2023-08-25,5,1
2023-08-25,6,1
2023-08-25,9,3
2023-08-25,10,1
2023-08-25,11,2
2023-08-25,12,3
2023-08-25,13,5
2023-08-25,14,2
2023-08-25,16,5
2023-08-25,17,1
2023-08-25,19,3
2023-08-25,20,2
2023-08-26,1,2
2023-08-26,2,4
2023-08-26,3,1
2023-08-26,5,1
2023-08-26,6,2
2023-08-26,7,4
2023-08-26,10,2
2023-08-26,11,1
2023-08-26,12,4
2023-08-26,13,2
2023-08-26,15,3
2023-08-26,16,2
2023-08-26,17,1
2023-08-26,19,2
2023-08-26,20,3
2023-08-27,1,3
2023-08-27,5,2
2023-08-27,6,1
2023-08-27,7,3
2023-08-27,8,2
2023-08-27,10,2
2023-08-27,11,2
2023-08-27,12,1
2023-08-27,13,2
2023-08-27,14,1
2023-08-27,15,2
2023-08-27,16,3
2023-08-27,17,2
2023-08-27,18,1
2023-08-27,19,3
2023-08-28,1,1
2023-08-28,2,1
2023-08-28,4,2
2023-08-28,5,3
2023-08-28,7,2
2023-08-28,8,1
2023-08-28,10,1
2023-08-28,11,2
2023-08-28,12,3
2023-08-28,15,1
2023-08-28,16,3
2023-08-28,17,1
2023-08-28,18,2
2023-08-28,19,1
2023-08-28,20,3
2023-08-29,1,3
2023-08-29,2,1
2023-08-29,4,1
2023-08-29,5,2
2023-08-29,6,4
2023-08-29,9,1
2023-08-29,11,2
2023-08-29,12,1
2023-08-29,14,1
2023-08-29,15,2
2023-08-29,16,1
2023-08-29,19,3
2023-08-30,1,1
2023-08-30,4,2
2023-08-30,5,1
2023-08-30,6,1
2023-08-30,8,1
2023-08-30,9,1
2023-08-30,10,3
2023-08-30,11,1
2023-08-30,14,2
2023-08-30,15,1
2023-08-30,16,2
2023-08-30,17,1
2023-08-30,18,2
2023-08-30,19,2
2023-08-30,20,2
2023-08-31,1,3
2023-08-31,2,1
2023-08-31,3,4
2023-08-31,4,2
2023-08-31,5,1
2023-08-31,7,1
2023-08-31,8,2
2023-08-31,9,3
2023-08-31,11,2
2023-08-31,12,1
2023-08-31,13,1
2023-08-31,14,1
2023-08-31,15,2
2023-08-31,16,2
2023-08-31,17,1
2023-08-31,18,3
2023-08-31,19,2
2023-08-31,20,1
2023-09-01,1,3
2023-09-01,3,1
2023-09-01,4,3
2023-09-01,5,1
2023-09-01,6,1
2023-09-01,7,1
2023-09-01,8,1
2023-09-01,9,1
2023-09-01,11,1
2023-09-01,12,3
2023-09-01,17,1
2023-09-01,19,2
2023-09-01,20,2
2023-09-02,3,2
2023-09-02,4,1
2023-09-02,5,1
2023-09-02,7,1
2023-09-02,8,2
2023-09-02,10,1
2023-09-02,11,1
2023-09-02,12,2
2023-09-02,14,3
2023-09-02,15,3
2023-09-02,16,3
2023-09-02,17,1
2023-09-02,18,3
2023-09-02,19,1
2023-09-03,1,1
2023-09-03,2,2
2023-09-03,3,1
2023-09-03,4,3
2023-09-03,5,1
2023-09-03,6,1
2023-09-03,7,1
2023-09-03,8,3
2023-09-03,10,1
2023-09-03,11,1
2023-09-03,13,1
2023-09-03,14,2
2023-09-03,15,2
2023-09-03,16,1
2023-09-03,17,6
2023-09-03,18,1
2023-09-03,19,2
2023-09-03,20,1
2023-09-04,1,1
2023-09-04,2,3
2023-09-04,3,2
2023-09-04,4,1
2023-09-04,7,1
2023-09-04,8,2
2023-09-04,10,1
2023-09-04,11,2
2023-09-04,13,2
2023-09-04,14,2
2023-09-04,15,1
2023-09-04,16,3
2023-09-04,18,3
2023-09-04,19,1
2023-09-04,20,1
2023-09-05,1,1
2023-09-05,2,3
2023-09-05,3,1
2023-09-05,4,1
2023-09-05,5,2
2023-09-05,6,1
2023-09-05,8,2
2023-09-05,9,3
2023-09-05,10,1
2023-09-05,11,2
2023-09-05,12,1
2023-09-05,13,2
2023-09-05,14,2
2023-09-05,16,1
2023-09-05,17,2
2023-09-05,18,2
2023-09-05,20,1
2023-09-06,1,2
2023-09-06,2,1
2023-09-06,3,2
2023-09-06,4,2
2023-09-06,5,1
2023-09-06,6,2
2023-09-06,7,1
2023-09-06,8,3
2023-09-06,9,4
2023-09-06,10,1
2023-09-06,12,1
2023-09-06,13,1
2023-09-06,14,1
2023-09-06,15,3
2023-09-06,16,1
2023-09-06,18,6
2023-09-06,19,1
2023-09-06,20,3
2023-09-07,1,3
2023-09-07,3,2
2023-09-07,4,2
2023-09-07,6,1
2023-09-07,7,2
2023-09-07,8,1
2023-09-07,9,1
2023-09-07,10,1
2023-09-07,11,2
2023-09-07,13,4
2023-09-07,15,1
2023-09-07,16,2
2023-09-07,17,3
2023-09-07,18,1
2023-09-07,19,2
2023-09-08,2,2
2023-09-08,3,3
2023-09-08,4,1
2023-09-08,5,1
2023-09-08,7,4
2023-09-08,8,1
2023-09-08,10,2
2023-09-08,11,3
2023-09-08,12,3
2023-09-08,13,3
2023-09-08,14,1
2023-09-08,15,1
2023-09-08,16,1
2023-09-09,1,3
2023-09-09,2,3
2023-09-09,3,2
2023-09-09,4,3
2023-09-09,5,1
2023-09-09,6,3
2023-09-09,7,3
2023-09-09,8,3
2023-09-09,9,2
2023-09-09,10,3
2023-09-09,11,2
2023-09-09,13,2
2023-09-09,14,1
2023-09-09,15,3
2023-09-09,16,1
2023-09-09,17,2
2023-09-09,18,1
2023-09-09,20,2
2023-09-10,2,1
2023-09-10,4,1
2023-09-10,5,2
2023-09-10,6,1
2023-09-10,7,4
2023-09-10,8,1
2023-09-10,10,3
2023-09-10,11,1
2023-09-10,12,1
2023-09-10,13,2
2023-09-10,14,3
2023-09-10,15,1
2023-09-10,16,2
2023-09-10,18,5
2023-09-10,19,1
2023-09-10,20,1
2023-09-11,2,4
2023-09-11,4,1
2023-09-11,6,1
2023-09-11,7,1
2023-09-11,8,1
2023-09-11,9,4
2023-09-11,10,5
2023-09-11,11,2
2023-09-11,12,1
2023-09-11,14,1
2023-09-11,15,4
2023-09-11,16,2
2023-09-11,17,2
2023-09-11,18,1
2023-09-11,19,1
2023-09-11,20,2
2023-09-12,2,2
2023-09-12,3,1
2023-09-12,4,1
2023-09-12,5,1
2023-09-12,6,1
2023-09-12,7,1
2023-09-12,8,2
2023-09-12,9,3
2023-09-12,10,1
2023-09-12,11,2
2023-09-12,13,1
2023-09-12,14,3
2023-09-12,15,1
2023-09-12,16,2
2023-09-12,17,3
2023-09-12,18,2
2023-09-12,19,1
2023-09-12,20,2
2023-09-13,1,1
2023-09-13,2,2
2023-09-13,3,2
2023-09-13,4,1
2023-09-13,5,4
2023-09-13,8,1
2023-09-13,11,2
2023-09-13,12,2
2023-09-13,13,2
2023-09-13,14,4
2023-09-13,15,3
2023-09-13,16,1
2023-09-13,17,1
2023-09-13,18,1
2023-09-13,19,1
2023-09-13,20,2
2023-09-14,2,3
2023-09-14,3,1
2023-09-14,4,1
2023-09-14,5,2
2023-09-14,6,1
2023-09-14,7,4
2023-09-14,8,2
2023-09-14,9,2
2023-09-14,12,3
2023-09-14,13,3
2023-09-14,14,2
2023-09-14,17,3
2023-09-14,18,1
2023-09-14,19,1
2023-09-14,20,2
2023-09-15,1,2
2023-09-15,5,1
2023-09-15,6,2
2023-09-15,7,2
2023-09-15,8,3
2023-09-15,10,1
2023-09-15,11,2
2023-09-15,12,2
2023-09-15,13,1
2023-09-15,14,2
2023-09-15,16,1
2023-09-15,17,2
2023-09-15,18,1
2023-09-15,19,1
2023-09-16,2,6
2023-09-16,4,2
2023-09-16,5,1
2023-09-16,7,2
2023-09-16,8,3
2023-09-16,9,1
2023-09-16,10,2
2023-09-16,11,1
2023-09-16,12,1
2023-09-16,13,1
2023-09-16,14,1
2023-09-16,15,2
2023-09-16,16,1
2023-09-17,1,2
2023-09-17,4,2
2023-09-17,5,2
2023-09-17,7,2
2023-09-17,8,2
2023-09-17,9,2
2023-09-17,11,2
2023-09-17,12,1
2023-09-17,13,2
2023-09-17,14,2
2023-09-17,15,2
2023-09-17,16,1
2023-09-17,17,1
2023-09-17,18,1
2023-09-17,19,1
2023-09-17,20,3
2023-09-18,1,3
2023-09-18,3,1
2023-09-18,4,4
2023-09-18,6,1
2023-09-18,7,5
2023-09-18,8,1
2023-09-18,9,3
2023-09-18,12,5
2023-09-18,13,1
2023-09-18,15,1
2023-09-18,16,1
2023-09-18,17,3
2023-09-18,20,2
2023-09-19,1,1
2023-09-19,2,1
2023-09-19,4,2
2023-09-19,6,5
2023-09-19,8,1
2023-09-19,9,3
2023-09-19,11,1
2023-09-19,12,1
2023-09-19,13,1
2023-09-19,14,2
2023-09-19,15,3
2023-09-19,16,2
2023-09-19,17,1
2023-09-19,19,3
2023-09-19,20,2
2023-09-20,1,1
2023-09-20,2,3
2023-09-20,3,1
2023-09-20,5,2
2023-09-20,6,1
2023-09-20,8,2
2023-09-20,9,1
2023-09-20,10,1
2023-09-20,13,4
2023-09-20,14,1
2023-09-20,17,1
2023-09-20,18,1
2023-09-20,20,1
2023-09-21,1,4
2023-09-21,2,2
2023-09-21,4,1
2023-09-21,6,3
2023-09-21,8,1
2023-09-21,9,2
2023-09-21,10,1
2023-09-21,11,2
2023-09-21,12,3
2023-09-21,15,1
2023-09-21,16,1
2023-09-21,17,2
2023-09-21,18,2
2023-09-21,19,3
2023-09-21,20,4
2023-09-22,1,3
2023-09-22,2,3
2023-09-22,3,2
2023-09-22,4,3
2023-09-22,5,3
2023-09-22,6,3
2023-09-22,9,2
2023-09-22,10,2
2023-09-22,11,1
2023-09-22,12,1
2023-09-22,14,1
2023-09-22,15,2
2023-09-22,16,1
2023-09-22,17,1
2023-09-22,18,2
2023-09-23,1,3
2023-09-23,2,1
2023-09-23,4,2
2023-09-23,7,3
2023-09-23,9,3
2023-09-23,10,1
2023-09-23,11,3
2023-09-23,12,2
2023-09-23,14,3
2023-09-23,15,1
2023-09-23,16,1
2023-09-23,17,2
2023-09-23,19,2
2023-09-23,20,1
2023-09-24,1,1
2023-09-24,2,1
2023-09-24,3,1
2023-09-24,4,2
2023-09-24,5,1
2023-09-24,6,3
2023-09-24,7,2
2023-09-24,8,2
2023-09-24,9,1
2023-09-24,10,2
2023-09-24,11,1
2023-09-24,14,2
2023-09-24,15,1
2023-09-24,16,1
2023-09-24,17,1
2023-09-24,18,2
2023-09-24,20,1
2023-09-25,2,1
2023-09-25,3,1
2023-09-25,5,2
2023-09-25,6,3
2023-09-25,7,2
2023-09-25,8,1
2023-09-25,10,2
2023-09-25,11,1
2023-09-25,13,2
2023-09-25,14,1
2023-09-25,15,1
2023-09-25,17,2
2023-09-25,18,3
2023-09-25,19,1
2023-09-25,20,3
2023-09-26,2,1
2023-09-26,3,3
2023-09-26,4,1
2023-09-26,6,3
2023-09-26,7,3
2023-09-26,8,1
2023-09-26,9,4
2023-09-26,10,1
2023-09-26,11,2
2023-09-26,12,1
2023-09-26,13,1
2023-09-26,15,5
2023-09-26,16,2
2023-09-26,17,2
2023-09-26,18,1
2023-09-27,2,1
2023-09-27,3,2
2023-09-27,4,1
2023-09-27,5,1
2023-09-27,6,4
2023-09-27,8,1
2023-09-27,10,1
2023-09-27,12,1
2023-09-27,13,5
2023-09-27,14,1
2023-09-27,15,1
2023-09-27,16,1
2023-09-27,17,2
2023-09-27,18,2
2023-09-27,20,1
2023-09-28,1,2
2023-09-28,2,1
2023-09-28,3,1
2023-09-28,5,1
2023-09-28,6,3
2023-09-28,7,2
2023-09-28,9,2
2023-09-28,11,2
2023-09-28,13,4
2023-09-28,14,3
2023-09-28,16,2
2023-09-29,1,1
2023-09-29,2,1
2023-09-29,3,2
2023-09-29,4,1
2023-09-29,5,1
2023-09-29,6,2
2023-09-29,7,1
2023-09-29,8,1
2023-09-29,9,3
2023-09-29,10,1
2023-09-29,11,2
2023-09-29,12,1
2023-09-29,14,1
2023-09-29,16,1
2023-09-29,18,2
2023-09-29,19,3
2023-09-30,2,1
2023-09-30,4,2
2023-09-30,5,2
2023-09-30,6,2
2023-09-30,7,1
2023-09-30,8,3
2023-09-30,10,1
2023-09-30,11,1
2023-09-30,12,3
2023-09-30,13,1
2023-09-30,14,5
2023-09-30,15,1
2023-09-30,16,1
2023-09-30,19,2
2023-09-30,20,1
2023-10-01,3,1
2023-10-01,4,1
2023-10-01,5,2
2023-10-01,6,1
2023-10-01,8,1
2023-10-01,9,1
2023-10-01,10,2
2023-10-01,11,2
2023-10-01,14,1
2023-10-01,15,1
2023-10-01,16,1
2023-10-01,17,2
2023-10-01,18,2
2023-10-02,1,1
2023-10-02,2,1
2023-10-02,5,3
2023-10-02,7,3
2023-10-02,8,3
2023-10-02,11,4
2023-10-02,12,1
2023-10-02,13,1
2023-10-02,14,1
2023-10-02,15,1
2023-10-02,16,2
2023-10-02,17,2
2023-10-02,18,2
2023-10-02,20,1
2023-10-03,1,2
2023-10-03,2,1
2023-10-03,3,1
2023-10-03,5,2
2023-10-03,7,1
2023-10-03,10,3
2023-10-03,11,1
2023-10-03,12,1
2023-10-03,13,2
2023-10-03,14,1
2023-10-03,17,1
2023-10-03,19,3
2023-10-03,20,1
2023-10-04,1,1
2023-10-04,3,1
2023-10-04,4,1
2023-10-04,5,2
2023-10-04,6,4
2023-10-04,7,1
2023-10-04,10,1
2023-10-04,11,2
2023-10-04,14,1
2023-10-04,15,3
2023-10-04,16,2
2023-10-04,17,2
2023-10-04,18,1
2023-10-04,19,1
2023-10-04,20,2
2023-10-05,1,1
2023-10-05,2,3
2023-10-05,3,2
2023-10-05,4,2
2023-10-05,5,1
2023-10-05,6,1
2023-10-05,8,1
2023-10-05,9,2
2023-10-05,11,2
2023-10-05,12,3
2023-10-05,13,4
2023-10-05,14,1
2023-10-05,16,1
2023-10-05,17,2
2023-10-05,18,2
2023-10-06,1,1
2023-10-06,5,2
2023-10-06,6,4
2023-10-06,7,3
2023-10-06,8,3
2023-10-06,9,2
2023-10-06,10,1
2023-10-06,11,1
2023-10-06,12,1
2023-10-06,14,1
2023-10-06,15,1
2023-10-06,16,3
2023-10-06,17,3
2023-10-06,18,1
2023-10-06,19,2
2023-10-07,1,2
2023-10-07,2,7
2023-10-07,4,3
2023-10-07,5,1
2023-10-07,6,1
2023-10-07,7,2
2023-10-07,8,5
2023-10-07,9,1
2023-10-07,10,1
2023-10-07,11,1
2023-10-07,12,1
2023-10-07,13,3
2023-10-07,14,2
2023-10-07,15,2
2023-10-07,16,2
2023-10-07,17,1
2023-10-07,19,2
2023-10-08,1,2
2023-10-08,2,2
2023-10-08,3,3
2023-10-08,4,1
2023-10-08,5,2
2023-10-08,6,1
2023-10-08,7,1
2023-10-08,8,1
2023-10-08,9,1
2023-10-08,10,2
2023-10-08,11,1
2023-10-08,12,1
2023-10-08,13,4
2023-10-08,15,4
2023-10-08,16,1
2023-10-08,18,3
2023-10-08,19,1
2023-10-08,20,2
2023-10-09,1,1
2023-10-09,3,1
2023-10-09,4,3
2023-10-09,7,1
2023-10-09,8,2
2023-10-09,10,2
2023-10-09,12,1
2023-10-09,13,2
2023-10-09,14,2
2023-10-09,16,1
2023-10-09,17,1
2023-10-09,18,2
2023-10-09,19,4
2023-10-10,1,1
2023-10-10,2,1
2023-10-10,3,2
2023-10-10,5,2
2023-10-10,6,1
2023-10-10,7,2
2023-10-10,8,1
2023-10-10,9,2
2023-10-10,10,3
2023-10-10,12,1
2023-10-10,13,1
2023-10-10,14,3
2023-10-10,15,2
2023-10-10,16,1
2023-10-10,18,3
2023-10-10,20,1
2023-10-11,1,1
2023-10-11,2,1
2023-10-11,4,1
2023-10-11,6,1
2023-10-11,7,1
2023-10-11,10,1
2023-10-11,12,3
2023-10-11,13,1
2023-10-11,14,1
2023-10-11,16,3
2023-10-11,17,1
2023-10-11,19,2
2023-10-11,20,2
2023-10-12,1,1
2023-10-12,2,1
2023-10-12,3,1
2023-10-12,4,1
2023-10-12,6,2
2023-10-12,7,2
2023-10-12,8,1
2023-10-12,9,3
2023-10-12,10,2
2023-10-12,12,1
2023-10-12,13,1
2023-10-12,14,1
2023-10-12,15,1
2023-10-12,16,3
2023-10-12,17,3
2023-10-12,18,1
2023-10-12,19,2
2023-10-13,1,1
2023-10-13,3,2
2023-10-13,4,3
2023-10-13,5,2
2023-10-13,6,1
2023-10-13,7,2
2023-10-13,8,1
2023-10-13,9,1
2023-10-13,10,5
2023-10-13,11,1
2023-10-13,12,2
2023-10-13,14,3
2023-10-13,15,1
2023-10-13,18,4
2023-10-13,19,2
2023-10-13,20,1
2023-10-14,1,4
2023-10-14,2,2
2023-10-14,3,2
2023-10-14,5,1
2023-10-14,6,1
2023-10-14,7,2
2023-10-14,8,1
2023-10-14,10,2
2023-10-14,11,2
2023-10-14,12,1
2023-10-14,13,1
2023-10-14,14,3
2023-10-14,17,3
2023-10-14,19,1
2023-10-15,1,3
2023-10-15,2,2
2023-10-15,3,2
2023-10-15,5,3
2023-10-15,6,1
2023-10-15,7,2
2023-10-15,8,2
2023-10-15,9,3
2023-10-15,10,1
2023-10-15,11,2
2023-10-15,12,3
2023-10-15,13,1
2023-10-15,14,1
2023-10-15,15,2
2023-10-15,18,4
2023-10-15,19,2
2023-10-16,1,2
2023-10-16,2,4
2023-10-16,3,2
2023-10-16,4,1
2023-10-16,5,1
2023-10-16,6,1
2023-10-16,7,3
2023-10-16,8,1
2023-10-16,9,1
2023-10-16,10,3
2023-10-16,11,1
2023-10-16,12,3
2023-10-16,13,3
2023-10-16,14,2
2023-10-16,16,2
2023-10-16,17,3
2023-10-16,18,1
2023-10-16,20,2
2023-10-17,1,2
2023-10-17,3,2
2023-10-17,4,1
2023-10-17,5,1
2023-10-17,6,1
2023-10-17,7,1
2023-10-17,9,7
2023-10-17,10,1
2023-10-17,13,2
2023-10-17,16,4
2023-10-17,18,1
2023-10-17,19,3
2023-10-17,20,2
2023-10-18,1,2
2023-10-18,2,3
2023-10-18,3,1
2023-10-18,5,3
2023-10-18,6,2
2023-10-18,7,1
2023-10-18,8,1
2023-10-18,10,2
2023-10-18,11,1
2023-10-18,12,1
2023-10-18,13,1
2023-10-18,14,1
2023-10-18,15,1
2023-10-18,17,1
2023-10-18,18,3
2023-10-18,19,2
2023-10-19,2,3
2023-10-19,3,3
2023-10-19,4,1
2023-10-19,5,1
2023-10-19,7,1
2023-10-19,8,1
2023-10-19,9,2
2023-10-19,12,1
2023-10-19,13,1
2023-10-19,15,1
2023-10-19,17,1
2023-10-19,18,1
2023-10-19,19,1
2023-10-19,20,1
2023-10-20,1,1
2023-10-20,2,1
2023-10-20,4,1
2023-10-20,5,2
2023-10-20,7,4
2023-10-20,8,2
2023-10-20,9,4
2023-10-20,10,2
2023-10-20,11,3
2023-10-20,12,1
2023-10-20,15,2
2023-10-20,17,2
2023-10-20,18,4
2023-10-20,19,2
2023-10-20,20,2
2023-10-21,1,6
2023-10-21,2,3
2023-10-21,4,1
2023-10-21,7,1
2023-10-21,8,1
2023-10-21,9,1
2023-10-21,10,1
2023-10-21,11,1
2023-10-21,12,3
2023-10-21,14,1
2023-10-21,16,1
2023-10-21,17,3
2023-10-21,18,1
2023-10-21,19,1
2023-10-22,3,2
2023-10-22,4,4
2023-10-22,6,2
2023-10-22,7,1
2023-10-22,9,1
2023-10-22,11,4
2023-10-22,12,2
2023-10-22,13,2
2023-10-22,14,1
2023-10-22,15,1
2023-10-22,16,4
2023-10-22,18,1
2023-10-22,19,3
2023-10-22,20,1
2023-10-23,1,1
2023-10-23,2,1
2023-10-23,3,1
2023-10-23,4,4
2023-10-23,5,2
2023-10-23,6,7
2023-10-23,7,2
2023-10-23,8,1
2023-10-23,10,2
2023-10-23,11,1
2023-10-23,12,2
2023-10-23,15,2
2023-10-23,16,1
2023-10-23,17,2
2023-10-23,18,2
2023-10-23,19,1
2023-10-24,1,1
2023-10-24,2,5
2023-10-24,3,1
2023-10-24,4,1
2023-10-24,6,2
2023-10-24,7,5
2023-10-24,9,1
2023-10-24,10,1
2023-10-24,11,1
2023-10-24,12,3
2023-10-24,14,4
2023-10-24,15,1
2023-10-24,16,2
2023-10-24,17,2
2023-10-24,18,3
2023-10-24,20,2
2023-10-25,3,4
2023-10-25,4,2
2023-10-25,5,1
2023-10-25,7,5
2023-10-25,8,2
2023-10-25,9,4
2023-10-25,10,1
2023-10-25,11,6
2023-10-25,13,1
2023-10-25,15,3
2023-10-25,18,3
2023-10-25,19,4
2023-10-25,20,2
2023-10-26,2,2
2023-10-26,3,1
2023-10-26,5,1
2023-10-26,6,3
2023-10-26,7,2
2023-10-26,9,3
2023-10-26,11,1
2023-10-26,12,2
2023-10-26,14,2
2023-10-26,16,2
2023-10-26,17,3
2023-10-26,18,3
2023-10-26,20,3
2023-10-27,1,1
2023-10-27,4,1
2023-10-27,5,2
2023-10-27,6,2
2023-10-27,7,4
2023-10-27,9,1
2023-10-27,10,1
2023-10-27,11,2
2023-10-27,13,4
2023-10-27,14,1
2023-10-27,15,2
2023-10-27,16,1
2023-10-27,17,5
2023-10-27,18,2
2023-10-27,19,1
2023-10-27,20,1
2023-10-28,1,2
2023-10-28,3,2
2023-10-28,4,1
2023-10-28,5,1
2023-10-28,6,1
2023-10-28,8,1
2023-10-28,10,3
2023-10-28,11,3
2023-10-28,12,1
2023-10-28,13,2
2023-10-28,14,2
2023-10-28,15,2
2023-10-28,18,2
2023-10-28,19,2
2023-10-28,20,1
2023-10-29,2,1
2023-10-29,4,2
2023-10-29,5,2
2023-10-29,7,2
2023-10-29,8,2
2023-10-29,9,2
2023-10-29,10,2
2023-10-29,11,2
2023-10-29,12,1
2023-10-29,13,2
2023-10-29,17,4
2023-10-29,18,2
2023-10-29,19,1
2023-10-29,20,2
2023-10-30,1,1
2023-10-30,2,1
2023-10-30,4,5
2023-10-30,5,1
2023-10-30,6,1
2023-10-30,8,2
2023-10-30,9,1
2023-10-30,11,1
2023-10-30,12,1
2023-10-30,13,1
2023-10-30,15,2
2023-10-30,16,2
2023-10-30,18,2
2023-10-30,19,2
2023-10-30,20,2
2023-10-31,1,2
2023-10-31,2,1
2023-10-31,3,3
2023-10-31,4,1
2023-10-31,6,3
2023-10-31,7,1
2023-10-31,8,3
2023-10-31,10,1
2023-10-31,11,1
2023-10-31,13,1
2023-10-31,14,3
2023-10-31,17,2
2023-10-31,18,3
2023-10-31,19,2
2023-10-31,20,3
2023-11-01,1,1
2023-11-01,4,2
2023-11-01,6,1
2023-11-01,7,1
2023-11-01,8,1
2023-11-01,10,3
2023-11-01,11,4
2023-11-01,12,1
2023-11-01,13,1
2023-11-01,14,5
2023-11-01,15,1
2023-11-01,16,1
2023-11-01,17,1
2023-11-01,18,1
2023-11-01,19,1
2023-11-01,20,2
2023-11-02,1,2
2023-11-02,5,2
2023-11-02,6,2
2023-11-02,8,1
2023-11-02,9,1
2023-11-02,11,1
2023-11-02,12,2
2023-11-02,13,1
2023-11-02,14,1
2023-11-02,15,2
2023-11-02,16,2
2023-11-02,17,1
2023-11-02,18,1
2023-11-02,19,1
2023-11-02,20,1
2023-11-03,2,2
2023-11-03,3,3
2023-11-03,4,1
2023-11-03,6,3
2023-11-03,8,2
2023-11-03,9,1
2023-11-03,11,1
2023-11-03,13,1
2023-11-03,14,4
2023-11-03,17,1
2023-11-03,18,1
2023-11-03,20,2
2023-11-04,2,2
2023-11-04,3,6
2023-11-04,5,3
2023-11-04,7,2
2023-11-04,8,1
2023-11-04,10,1
2023-11-04,11,1
2023-11-04,13,2
2023-11-04,14,2
2023-11-04,15,1
2023-11-04,18,2
2023-11-04,19,1
2023-11-04,20,1
2023-11-05,2,1
2023-11-05,3,1
2023-11-05,4,1
2023-11-05,5,1
2023-11-05,7,1
2023-11-05,8,1
2023-11-05,9,3
2023-11-05,10,1
2023-11-05,11,5
2023-11-05,12,1
2023-11-05,14,1
2023-11-05,15,1
2023-11-05,16,5
2023-11-05,18,1
2023-11-05,19,2
2023-11-06,2,2
2023-11-06,3,3
2023-11-06,4,2
2023-11-06,5,2
2023-11-06,7,2
2023-11-06,8,1
2023-11-06,9,1
2023-11-06,10,3
2023-11-06,12,2
2023-11-06,15,1
2023-11-06,16,1
2023-11-06,18,1
2023-11-06,20,1
2023-11-07,1,1
2023-11-07,3,2
2023-11-07,6,1
2023-11-07,7,1
2023-11-07,8,2
2023-11-07,9,4
2023-11-07,10,2
2023-11-07,11,1
2023-11-07,12,2
2023-11-07,16,2
2023-11-07,17,1
2023-11-07,18,1
2023-11-07,19,1
2023-11-08,2,2
2023-11-08,3,1
2023-11-08,4,1
2023-11-08,5,2
2023-11-08,7,2
2023-11-08,8,3
2023-11-08,9,3
2023-11-08,10,1
2023-11-08,11,4
2023-11-08,12,2
2023-11-08,13,1
2023-11-08,15,1
2023-11-08,16,2
2023-11-08,17,3
2023-11-08,18,2
2023-11-08,19,1
2023-11-08,20,2
2023-11-09,1,1
2023-11-09,2,2
2023-11-09,3,1
2023-11-09,4,1
2023-11-09,5,1
2023-11-09,6,1
2023-11-09,7,2
2023-11-09,8,3
2023-11-09,9,2
2023-11-09,10,4
2023-11-09,12,1
2023-11-09,14,1
2023-11-09,17,1
2023-11-09,18,2
2023-11-09,19,2
2023-11-10,1,3
2023-11-10,2,3
2023-11-10,3,2
2023-11-10,4,2
2023-11-10,5,4
2023-11-10,7,1
2023-11-10,8,4
2023-11-10,11,2
2023-11-10,12,2
2023-11-10,13,3
2023-11-10,14,3
2023-11-10,16,1
2023-11-10,17,1
2023-11-10,18,5
2023-11-10,20,1
2023-11-11,1,2
2023-11-11,4,5
2023-11-11,5,2
2023-11-11,6,2
2023-11-11,7,1
2023-11-11,8,1
2023-11-11,9,1
2023-11-11,11,2
2023-11-11,13,1
2023-11-11,14,1
2023-11-11,15,4
2023-11-11,16,3
2023-11-11,17,2
2023-11-11,18,2
2023-11-11,20,2
2023-11-12,1,2
2023-11-12,2,1
2023-11-12,3,1
2023-11-12,4,2
2023-11-12,5,2
2023-11-12,6,1
2023-11-12,7,4
2023-11-12,10,3
2023-11-12,12,3
2023-11-12,13,1
2023-11-12,14,1
2023-11-12,15,1
2023-11-12,17,2
2023-11-12,18,1
2023-11-12,19,1
2023-11-12,20,2
2023-11-13,1,2
2023-11-13,4,1
2023-11-13,5,3
2023-11-13,6,3
2023-11-13,7,1
2023-11-13,14,2
2023-11-13,15,1
2023-11-13,19,2
2023-11-13,20,1
2023-11-14,1,2
2023-11-14,2,2
2023-11-14,3,1
2023-11-14,5,1
2023-11-14,6,3
2023-11-14,8,1
2023-11-14,10,1
2023-11-14,12,3
2023-11-14,13,2
2023-11-14,15,1
2023-11-14,18,4
2023-11-14,19,1
2023-11-14,20,2
2023-11-15,1,1
2023-11-15,2,1
2023-11-15,4,1
2023-11-15,5,1
2023-11-15,6,1
2023-11-15,9,1
2023-11-15,10,3
2023-11-15,11,2
2023-11-15,12,1
2023-11-15,14,1
2023-11-15,16,2
2023-11-15,17,1
2023-11-15,18,5
2023-11-15,19,2
2023-11-15,20,1
2023-11-16,1,1
2023-11-16,2,1
2023-11-16,3,2
2023-11-16,4,2
2023-11-16,5,1
2023-11-16,8,1
2023-11-16,9,2
2023-11-16,12,2
2023-11-16,14,1
2023-11-16,15,2
2023-11-16,17,1
2023-11-16,18,2
2023-11-16,20,1
2023-11-17,1,2
2023-11-17,3,4
2023-11-17,6,1
2023-11-17,7,1
2023-11-17,9,1
2023-11-17,10,2
2023-11-17,11,4
2023-11-17,12,3
2023-11-17,15,1
2023-11-17,16,3
2023-11-17,17,2
2023-11-17,18,1
2023-11-17,19,2
2023-11-17,20,1
2023-11-18,2,2
2023-11-18,3,4
2023-11-18,4,1
2023-11-18,6,2
2023-11-18,7,1
2023-11-18,8,1
2023-11-18,9,2
2023-11-18,10,1
2023-11-18,11,1
2023-11-18,12,2
2023-11-18,13,1
2023-11-18,14,2
2023-11-18,15,5
2023-11-18,16,1
2023-11-18,17,1
2023-11-18,18,2
2023-11-18,19,1
2023-11-18,20,1
2023-11-19,5,1
2023-11-19,6,2
2023-11-19,7,1
2023-11-19,8,2
2023-11-19,9,1
2023-11-19,11,1
2023-11-19,12,2
2023-11-19,15,2
2023-11-19,16,1
2023-11-19,17,2
2023-11-19,18,2
2023-11-19,19,2
2023-11-19,20,1
2023-11-20,1,2
2023-11-20,3,2
2023-11-20,4,1
2023-11-20,5,1
2023-11-20,6,3
2023-11-20,7,1
2023-11-20,9,1
2023-11-20,10,2
2023-11-20,12,2
2023-11-20,14,2
2023-11-20,15,3
2023-11-20,18,1
2023-11-20,19,2
2023-11-21,1,1
2023-11-21,4,1
2023-11-21,6,2
2023-11-21,7,2
2023-11-21,8,1
2023-11-21,9,1
2023-11-21,10,3
2023-11-21,11,1
2023-11-21,12,2
2023-11-21,14,2
2023-11-21,15,3
2023-11-21,16,1
2023-11-21,18,3
2023-11-21,19,1
2023-11-22,1,1
2023-11-22,2,1
2023-11-22,3,3
2023-11-22,4,1
2023-11-22,5,2
2023-11-22,6,1
2023-11-22,7,2
2023-11-22,9,2
2023-11-22,10,3
2023-11-22,11,4
2023-11-22,12,5
2023-11-22,13,1
2023-11-22,14,1
2023-11-22,15,2
2023-11-22,16,1
2023-11-22,17,2
2023-11-22,18,1
2023-11-22,19,1
2023-11-22,20,2
2023-11-23,2,1
2023-11-23,3,1
2023-11-23,5,3
2023-11-23,6,1
2023-11-23,8,1
2023-11-23,9,2
2023-11-23,10,2
2023-11-23,12,1
2023-11-23,14,2
2023-11-23,15,1
2023-11-23,16,2
2023-11-23,18,2
2023-11-23,19,1
2023-11-23,20,2
2023-11-24,1,3
2023-11-24,2,1
2023-11-24,3,3
2023-11-24,6,2
2023-11-24,7,2
2023-11-24,9,1
2023-11-24,10,2
2023-11-24,11,1
2023-11-24,14,1
2023-11-24,15,1
2023-11-24,16,2
2023-11-24,17,3
2023-11-24,19,3
2023-11-25,1,3
2023-11-25,4,1
2023-11-25,5,2
2023-11-25,6,1
2023-11-25,7,1
2023-11-25,9,1
2023-11-25,10,3
2023-11-25,12,1
2023-11-25,13,1
2023-11-25,14,1
2023-11-25,15,1
2023-11-25,16,2
2023-11-25,17,3
2023-11-25,18,1
2023-11-25,19,1
2023-11-25,20,3
2023-11-26,1,2
2023-11-26,3,1
2023-11-26,6,1
2023-11-26,7,3
2023-11-26,8,1
2023-11-26,10,1
2023-11-26,13,1
2023-11-26,15,1
2023-11-26,17,2
2023-11-26,19,2
2023-11-27,1,1
2023-11-27,2,2
2023-11-27,3,2
2023-11-27,5,1
2023-11-27,8,4
2023-11-27,9,3
2023-11-27,11,2
2023-11-27,12,2
2023-11-27,13,3
2023-11-27,14,3
2023-11-27,15,1
2023-11-27,16,2
2023-11-27,17,2
2023-11-27,18,2
2023-11-27,19,1
2023-11-28,1,1
2023-11-28,2,2
2023-11-28,3,4
2023-11-28,6,2
2023-11-28,10,2
2023-11-28,11,2
2023-11-28,12,1
2023-11-28,13,2
2023-11-28,14,2
2023-11-28,15,1
2023-11-28,16,2
2023-11-28,17,1
2023-11-28,18,1
2023-11-28,19,2
2023-11-28,20,1
2023-11-29,2,1
2023-11-29,4,2
2023-11-29,5,6
2023-11-29,6,1
2023-11-29,7,1
2023-11-29,8,3
2023-11-29,9,1
2023-11-29,11,2
2023-11-29,12,1
2023-11-29,13,1
2023-11-29,14,1
2023-11-29,15,3
2023-11-29,17,4
2023-11-29,18,1
2023-11-29,20,1
2023-11-30,1,3
2023-11-30,2,1
2023-11-30,3,1
2023-11-30,4,3
2023-11-30,6,1
2023-11-30,7,3
2023-11-30,9,1
2023-11-30,10,2
2023-11-30,12,2
2023-11-30,13,4
2023-11-30,14,1
2023-11-30,15,2
2023-11-30,16,1
2023-11-30,17,2
2023-11-30,18,3
2023-11-30,19,2
2023-11-30,20,1
2023-12-01,1,2
2023-12-01,2,3
2023-12-01,3,3
2023-12-01,4,3
2023-12-01,6,1
2023-12-01,8,2
2023-12-01,9,1
2023-12-01,13,1
2023-12-01,14,1
2023-12-01,15,1
2023-12-01,16,2
2023-12-01,17,1
2023-12-01,19,3
2023-12-02,1,2
2023-12-02,2,1
2023-12-02,3,3
2023-12-02,4,2
2023-12-02,6,1
2023-12-02,7,1
2023-12-02,8,3
2023-12-02,9,2
2023-12-02,10,2
2023-12-02,13,2
2023-12-02,14,1
2023-12-02,15,1
2023-12-02,19,1
2023-12-03,1,3
2023-12-03,2,2
2023-12-03,4,2
2023-12-03,5,1
2023-12-03,6,2
2023-12-03,8,2
2023-12-03,9,1
2023-12-03,10,1
2023-12-03,11,2
2023-12-03,13,2
2023-12-03,15,1
2023-12-03,16,2
2023-12-03,17,1
2023-12-03,18,4
2023-12-03,19,2
2023-12-04,1,1
2023-12-04,2,1
2023-12-04,3,1
2023-12-04,4,3
2023-12-04,5,1
2023-12-04,6,1
2023-12-04,10,1
2023-12-04,14,2
2023-12-04,16,3
2023-12-04,17,1
2023-12-04,18,1
2023-12-04,19,2
2023-12-05,1,4
2023-12-05,2,3
2023-12-05,3,2
2023-12-05,4,3
2023-12-05,8,1
2023-12-05,9,2
2023-12-05,10,1
2023-12-05,11,1
2023-12-05,12,4
2023-12-05,16,2
2023-12-05,17,3
2023-12-05,19,3
2023-12-05,20,3
2023-12-06,1,1
2023-12-06,2,1
2023-12-06,3,1
2023-12-06,4,1
2023-12-06,5,1
2023-12-06,7,2
2023-12-06,8,1
2023-12-06,9,3
2023-12-06,10,2
2023-12-06,11,2
2023-12-06,12,1
2023-12-06,13,4
2023-12-06,14,1
2023-12-06,15,1
2023-12-06,18,2
2023-12-06,19,6
2023-12-06,20,2
2023-12-07,1,1
2023-12-07,2,2
2023-12-07,3,2
2023-12-07,5,2
2023-12-07,7,1
2023-12-07,8,2
2023-12-07,9,1
2023-12-07,10,4
2023-12-07,11,1
2023-12-07,13,1
2023-12-07,14,3
2023-12-07,17,2
2023-12-07,18,1
2023-12-07,19,1
2023-12-08,3,2
2023-12-08,4,2
2023-12-08,5,1
2023-12-08,7,1
2023-12-08,8,1
2023-12-08,9,2
2023-12-08,10,5
2023-12-08,12,1
2023-12-08,15,1
2023-12-08,17,1
2023-12-08,19,1
2023-12-08,20,2
2023-12-09,1,2
2023-12-09,2,3
2023-12-09,3,4
2023-12-09,4,1
2023-12-09,5,1
2023-12-09,7,2
2023-12-09,9,1
2023-12-09,10,1
2023-12-09,12,2
2023-12-09,13,1
2023-12-09,15,2
2023-12-09,16,2
2023-12-09,17,1
2023-12-09,18,2
2023-12-09,19,3
2023-12-09,20,3
2023-12-10,1,1
2023-12-10,2,1
2023-12-10,3,1
2023-12-10,5,1
2023-12-10,6,2
2023-12-10,7,2
2023-12-10,8,1
2023-12-10,10,1
2023-12-10,11,1
2023-12-10,12,3
2023-12-10,13,2
2023-12-10,14,1
2023-12-10,15,1
2023-12-10,16,3
2023-12-10,17,1
2023-12-10,18,3
2023-12-10,19,2
2023-12-10,20,4
2023-12-11,1,1
2023-12-11,2,1
2023-12-11,3,1
2023-12-11,4,1
2023-12-11,5,4
2023-12-11,6,1
2023-12-11,7,1
2023-12-11,8,4
2023-12-11,9,2
2023-12-11,10,1
2023-12-11,12,2
2023-12-11,13,1
2023-12-11,14,2
2023-12-11,15,3
2023-12-11,17,1
2023-12-11,18,4
2023-12-11,20,1
2023-12-12,1,1
2023-12-12,4,1
2023-12-12,5,4
2023-12-12,6,1
2023-12-12,8,2
2023-12-12,9,1
2023-12-12,10,2
2023-12-12,11,2
2023-12-12,12,3
2023-12-12,13,1
2023-12-12,14,1
2023-12-12,16,2
2023-12-12,17,2
2023-12-12,18,2
2023-12-12,20,1
2023-12-13,3,1
2023-12-13,4,1
2023-12-13,5,2
2023-12-13,7,3
2023-12-13,8,1
2023-12-13,10,2
2023-12-13,11,1
2023-12-13,12,3
2023-12-13,13,3
2023-12-13,15,1
2023-12-13,16,1
2023-12-13,17,1
2023-12-13,19,1
2023-12-13,20,1
2023-12-14,3,1
2023-12-14,6,2
2023-12-14,7,3
2023-12-14,8,3
2023-12-14,9,2
2023-12-14,10,1
2023-12-14,13,4
2023-12-14,14,2
2023-12-14,15,1
2023-12-14,16,1
2023-12-14,17,1
2023-12-14,18,3
2023-12-14,20,4
2023-12-15,1,2
2023-12-15,2,2
2023-12-15,3,1
2023-12-15,4,4
2023-12-15,5,3
2023-12-15,7,1
2023-12-15,9,2
2023-12-15,10,2
2023-12-15,15,1
2023-12-15,17,1
2023-12-15,18,2
2023-12-15,20,2
2023-12-16,2,1
2023-12-16,3,3
2023-12-16,4,3
2023-12-16,5,2
2023-12-16,7,2
2023-12-16,8,3
2023-12-16,10,1
2023-12-16,11,1
2023-12-16,12,2
2023-12-16,13,3
2023-12-16,14,2
2023-12-16,15,5
2023-12-16,16,1
2023-12-16,17,1
2023-12-16,18,2
2023-12-16,19,1
2023-12-16,20,3
2023-12-17,1,2
2023-12-17,2,1
2023-12-17,4,2
2023-12-17,5,3
2023-12-17,6,5
2023-12-17,7,2
2023-12-17,8,1
2023-12-17,9,1
2023-12-17,10,2
2023-12-17,11,2
2023-12-17,12,2
2023-12-17,14,3
2023-12-17,15,3
2023-12-17,18,2
2023-12-17,20,4
2023-12-18,1,3
2023-12-18,2,2
2023-12-18,3,1
2023-12-18,6,2
2023-12-18,7,3
2023-12-18,8,1
2023-12-18,10,1
2023-12-18,12,1
2023-12-18,13,2
2023-12-18,14,3
2023-12-18,15,2
2023-12-18,16,1
2023-12-18,17,1
2023-12-18,18,1
2023-12-18,19,3
2023-12-18,20,1
2023-12-19,2,2
2023-12-19,3,2
2023-12-19,5,1
2023-12-19,6,1
2023-12-19,7,4
2023-12-19,8,3
2023-12-19,9,3
2023-12-19,12,3
2023-12-19,13,1
2023-12-19,14,1
2023-12-19,15,2
2023-12-19,17,1
2023-12-19,19,2
2023-12-19,20,3
2023-12-20,1,1
2023-12-20,2,1
2023-12-20,3,1
2023-12-20,4,2
2023-12-20,5,1
2023-12-20,6,1
2023-12-20,7,1
2023-12-20,8,5
2023-12-20,9,2
2023-12-20,11,4
2023-12-20,12,3
2023-12-20,13,1
2023-12-20,14,1
2023-12-20,15,1
2023-12-20,16,1
2023-12-20,18,1
2023-12-20,19,1
2023-12-20,20,5
2023-12-21,1,1
2023-12-21,3,3
2023-12-21,4,1
2023-12-21,5,1
2023-12-21,6,1
2023-12-21,7,1
2023-12-21,8,1
2023-12-21,9,1
2023-12-21,10,2
2023-12-21,11,2
2023-12-21,12,5
2023-12-21,13,1
2023-12-21,14,1
2023-12-21,15,1
2023-12-21,16,1
2023-12-21,17,1
2023-12-21,19,2
2023-12-21,20,2
2023-12-22,2,3
2023-12-22,3,3
2023-12-22,4,2
2023-12-22,5,1
2023-12-22,8,1
2023-12-22,9,1
2023-12-22,10,1
2023-12-22,11,1
2023-12-22,12,2
2023-12-22,13,2
2023-12-22,15,4
2023-12-22,16,1
2023-12-22,17,2
2023-12-22,18,2
2023-12-22,19,2
2023-12-22,20,1
2023-12-23,1,1
2023-12-23,2,1
2023-12-23,4,2
2023-12-23,5,1
2023-12-23,6,2
2023-12-23,7,2
2023-12-23,8,1
2023-12-23,9,2
2023-12-23,10,4
2023-12-23,12,2
2023-12-23,13,2
2023-12-23,14,1
2023-12-23,15,2
2023-12-23,18,1
2023-12-23,20,2
2023-12-24,1,1
2023-12-24,2,1
2023-12-24,3,4
2023-12-24,5,2
2023-12-24,6,2
2023-12-24,8,2
2023-12-24,10,3
2023-12-24,11,1
2023-12-24,12,3
2023-12-24,15,1
2023-12-24,16,2
2023-12-24,17,3
2023-12-24,20,1
2023-12-25,1,1
2023-12-25,2,2
2023-12-25,3,1
2023-12-25,4,1
2023-12-25,5,2
2023-12-25,6,3
2023-12-25,7,3
2023-12-25,8,1
2023-12-25,9,4
2023-12-25,10,3
2023-12-25,11,3
2023-12-25,12,5
2023-12-25,13,1
2023-12-25,15,1
2023-12-25,16,2
2023-12-25,19,3
2023-12-25,20,2
2023-12-26,1,1
2023-12-26,5,3
2023-12-26,6,2
2023-12-26,7,2
2023-12-26,8,1
2023-12-26,11,4
2023-12-26,12,3
2023-12-26,13,1
2023-12-26,14,3
2023-12-26,15,1
2023-12-26,16,3
2023-12-26,17,1
2023-12-26,18,2
2023-12-27,2,2
2023-12-27,3,1
2023-12-27,7,2
2023-12-27,9,1
2023-12-27,11,2
2023-12-27,13,1
2023-12-27,14,2
2023-12-27,15,2
2023-12-27,16,2
2023-12-27,17,1
2023-12-27,18,4
2023-12-27,19,4
2023-12-27,20,4
2023-12-28,2,1
2023-12-28,3,1
2023-12-28,4,2
2023-12-28,5,1
2023-12-28,6,2
2023-12-28,7,1
2023-12-28,8,2
2023-12-28,9,1
2023-12-28,11,2
2023-12-28,12,2
2023-12-28,13,3
2023-12-28,14,1
2023-12-28,16,1
2023-12-28,17,2
2023-12-28,18,1
2023-12-28,19,2
2023-12-28,20,1
2023-12-29,4,1
2023-12-29,5,1
2023-12-29,7,5
2023-12-29,8,2
2023-12-29,9,3
2023-12-29,10,2
2023-12-29,11,1
2023-12-29,12,2
2023-12-29,13,4
2023-12-29,14,2
2023-12-29,15,2
2023-12-29,16,1
2023-12-29,17,2
2023-12-29,18,1
2023-12-29,19,1
2023-12-30,1,2
2023-12-30,2,1
2023-12-30,6,1
2023-12-30,7,3
2023-12-30,8,2
2023-12-30,9,1
2023-12-30,11,2
2023-12-30,12,1
2023-12-30,13,2
2023-12-30,14,2
2023-12-30,15,2
2023-12-30,17,2
2023-12-30,19,3
2023-12-31,1,1
2023-12-31,2,5
2023-12-31,3,1
2023-12-31,4,1
2023-12-31,5,1
2023-12-31,6,2
2023-12-31,7,3
2023-12-31,8,1
2023-12-31,10,4
2023-12-31,11,1
2023-12-31,13,4
2023-12-31,14,1
2023-12-31,15,1
2023-12-31,16,2
2023-12-31,17,1
2023-12-31,18,3
2023-12-31,19,1
